S022000052413854325F4D434B5F6573635F455447353030335F435055302E737265635F
S31502000000A0680122A506010235050102A106010228
S31502000010A1060102A1060102A1060102A106010230
S31502000020000000000000000000000000A10601021E
S31502000030A106010200000000A1060102A1060102BA
S31502000040957F0022018000226D800022856F0022AA
S31502000050797A0022D57900220D7B0022597B002273
S315020000600000000000000000000000000000000088
S315020000700000000000000000000000000000000078
S3150200008034120000032000000002000000000000FD
S31502005000A0680122A506010235050102A1060102D8
S31502005010A1060102A1060102A1060102A1060102E0
S31502005020000000000000000000000000A1060102CE
S31502005030A106010200000000A1060102A10601026A
S31502005040957F0022018000226D800022856F00225A
S31502005050797A0022D57900220D7B0022597B002223
S3150200506010B508F0BDF81649164807F06BFB08F0B4
S31502005070DFF81549154807F0ADF808F0D9F8144BD2
S315020050801B685968186807F019FE08F0D1F811482C
S3150200509008F09EF800F0AAFD0F49104805F028F81E
S315020050A00F4B01221A701C4600F06AFF2378012B6F
S315020050B0FAD0074B1B68186807F0ACFDFEE700BF85
S315020050C0C019010260860122AC190102388601224A
S315020050D020A80022581801023684012238840122AF
S315020050E0F88301227047704708B506F05DF908F0AB
S315020050F09FF8024B01221A7008BD00BF9D81012252
S3150200510038B5154B1B78012B01D0002038BD0C4653
S31502005110124B1D880C3D06F083F908F089F8AC4263
S31502005120F3D00F4BD3F880100E4A1160D3F88410D7
S315020051305160D3F888109160D3F88C30D360042381
S31502005140083202210C2000F093FF06F03FF9064BCD
S3150200515001221A70D9E700BF9D810122EC84012247
S31502005160002000028C8101229C810122014B1870D1
S31502005170704700BF9C810122014B1878704700BF1F
S315020051809C81012208B50C4BD3F8DC30002B4FF082
S315020051900002B4BF03210221084807F0A7F9BFF3B2
S315020051A04F8F0749CA6802F4E062064B1343CB608D
S315020051B0BFF34F8F00BFFDE700E0134038860122A0
S315020051C000ED00E00400FA05104B1B789BB1104B72
S315020051D01B69D3F810390F4A516813600E4A1268D8
S315020051E09A4202D90B4A013151600B4A13600B4BAA
S315020051F000221A607047074B054A1269D2F8101945
S31502005200D2F8142919605A60F1E700BF46840122D8
S31502005210E4850122B0810122AC810122A88101220A
S3150200522070B515461E469DF8102041F2F8039842C5
S315020052300DD10C466AB971B9082D0ED8FFF7C4FF15
S315020052402A460749304607F0C7FF204600E00B20F2
S3150200525070BD0520FCE71120FAE70F20F8E700BF32
S31502005260B0810122014B1868704700BFA08101225C
S3150200527070B5194B1C686CB305F0FCF90FE0236995
S3150200528006EB460603EB46035A8802440F32C2F384
S315020052900F12A169A08C05F06BFB6468C4B1A38CE4
S315020052A0002BFAD0A589EEB2C5F303252146304676
S315020052B003F0CAFA0246092DE1D0082D04D0072DC3
S315020052C004BF23695A88E1E723691A890244DDE7A4
S315020052D005F00AFA70BD00BFA08101222DE9F04156
S315020052E0174B1E681EBBBDE8F0810135A8451BD0D1
S315020052F0EFB23946304603F00BFA0446838813F4BC
S31502005300807FF2D03146384603F09EFAC0F30F1082
S3150200531062880F32B18C0144B369120989B203EB78
S31502005320400005F023FAE0E77668002EDBD0B38C66
S31502005330002BF9D096F80C8008F101080025D7E772
S31502005340A08101222DE9F843194B1F6877B3DFF8D4
S31502005350649022E00136B0451DD0F5B229463846A2
S3150200536003F0D6F90446838813F4807FF2D03946D7
S31502005370284603F069FAC0F30F1362880F32B9693F
S31502005380B88C1844120901EB430180B205F0F0FA19
S31502005390C9F80400DEE77F6847B1BB8C002BFAD060
S315020053A097F80C8008F101080026D6E7BDE8F883D5
S315020053B0A0810122A49D002210B59DF8084084B95F
S315020053C089B1198846F2731291420ED15A8846F271
S315020053D076539A4201D0122004E0FFF7B3FF20462B
S315020053E000E0052010BD0720FCE71220FAE708B509
S315020053F005F0BAF9FFF772FF08BD10B59DF808402F
S3150200540084B989B1198846F66C7291420ED15A88CE
S3150200541046F261439A4201D0122004E0FFF7E7FF09
S31502005420204600E0052010BD0720FCE71220FAE71F
S3150200543070B506460C4603F007FAC0F30F1531465F
S31502005440204603F065F942880F32A169A08C2844F0
S31502005450120901EB450180B205F08AFA014B586048
S3150200546070BD00BFA49D0022104B5B8DCBB90F4BC4
S315020054701B8D0F4A1289934294BF002301230B4AC4
S3150200548082F840300B4B5B8D6BB90A4B1B8D084A79
S315020054901289934294BF00230123064A82F84030C0
S315020054A070470123EBE70123F7E700BF38850122A6
S315020054B014A80022F4840122002831D010B4044634
S315020054C0184B1B6863B101891A898A420ED81A8958
S315020054D0914223D0914213D35A68D2B11346F6E7CA
S315020054E0104B186000206060206006E000202060FB
S315020054F00C4B1A68626014601C605DF8044B7047BE
S315020055001A68226063601A6802B154601C60002047
S31502005510F3E75C60236000206060EEE70120ECE7C1
S3150200552001207047A08101220D4B1B682BB11A89FD
S31502005530824203D05B68002BF9D1704719685A681A
S3150200554001B14A6002B11160002119605960044933
S315020055500868198903899942EFD1014B1A6070478D
S31502005560A081012210B5064B1C682CB12089646803
S31502005570FFF7DAFF002CF9D1014B00221A6010BDA9
S31502005580A081012238B502894FF6FF739A420CD0E8
S3150200559004461D462046FFF78FFF024618B92834F7
S315020055A02389AB42F6D1104638BD0022FBE7000044
S315020055B008B50D4B00221A600C48FFF7E3FF0346BD
S315020055C008B1184608BD0A48FFF7DCFF0346002863
S315020055D0F7D10848FFF7D6FF03460028F1D106485F
S315020055E0FFF7D0FF0346ECE7A0810122449B00228D
S315020055F09CA60022049E0022B4A7002208B52E4AC9
S315020056004FF0200CA2F800C000235380536044F2EE
S315020056101F00908129491161536193831362138597
S31502005620538582F84030264AA2F800C05380536060
S31502005630908111615361938313621385538582F8B6
S315020056404030204A1370FFF7B3FF38BB00231E4ACF
S3150200565013701E4A13701E4A13801E4A13701E4A86
S3150200566013601E4A13601E4A13601E4A136005F039
S315020056702FF8B0B1FFF732FE05F028F81A4B586042
S315020056801A4B1B699A6812F0080F0DD0184B0022AC
S315020056901A70184B4FF47A621A6008BDFFF762FF60
S315020056A0D4E7FFF7E5FDE5E7114A01211170D3F8CA
S315020056B01029114B1A60ECE73885012220A1070058
S315020056C0F48401227E850122C8850122C785012232
S315020056D0C4850122C6850122C0850122BC8501221C
S315020056E0B8850122A4850122A49D0022E485012217
S315020056F046840122A8810122AC81012210B582B022
S31502005700224B1C68002C29D0214B1B780093214B7D
S315020057101B68214A12682149097821480088A04756
S315020057200446FF281AD01F4B1B78022B23D017D80A
S31502005730012B04D100221146204604F0B3FA0023BD
S31502005740184A1370164A1380144A1370124A1360C9
S31502005750104A13600E4A13700C4A136002B010BD51
S31502005760033BDBB2012BEAD80A4B1A680A4B1968CB
S3150200577004F098FAE3E70C4B18680028DAD007F031
S315020057803BFD094B00221A60D4E700BFB88501220F
S31502005790C7850122BC850122C0850122C685012258
S315020057A0C4850122C8850122A485012202460A4B2C
S315020057B01B69D3F8100910B1904209D3801A32B18D
S315020057C0064B1B68C21A834234BF1046002070473C
S315020057D0431E981AF4E700BFE4850122CC83012216
S315020057E038B5194B1B69B3F82032184B9B8B184AF4
S315020057F0928B134313F0010F23D00020FFF7D6FF3D
S315020058000446144D284604F001FD134B1B880E4A2C
S315020058101069124A12882946184407F0DDFC0B4B20
S315020058209B8B0B4A928B134313F0010F08D0204631
S31502005830FFF7BCFF064B5B6983423CBF044B5861D2
S3150200584038BD0024DDE700BFE48501223885012248
S31502005850F4840122C48101222A840122388401228D
S3150200586008B50F4B1B783BB90E4B186828B90020B8
S31502005870FFF79CFF0B4B186008BDFFF797FF094B1C
S315020058801860094B5B680BB1984201D2064B58600F
S31502005890064B5B680BB19842E9D2044B5860E6E7C7
S315020058A062840122D483012238850122F4840122F2
S315020058B038B51C4B9B8B1C4A928B134313F0010F7A
S315020058C02DD00020FFF772FF0446184B1860184BC4
S315020058D001221A70174B00221A60FFF7C1FF164DFC
S315020058E0164B1B88164A1169164A1288194428460D
S315020058F007F072FC284604F0C1FC0A4B9B8B0A4A4D
S31502005900928B134313F0010F08D02046FFF74EFF88
S31502005910044B5B6983423CBF024B586138BD00248D
S31502005920DDE700BF38850122F4840122D0830122FB
S31502005930C8830122C4830122C48201222C8401224B
S31502005940E48501223684012208B50D4B00221A8015
S315020059500C4B1B78012B03D00B4B00221A8008BD7F
S315020059600A4B1B88002BF7D0094B5B88032BF3D11C
S31502005970084B1B88002BEFD1FFF732FFECE700BF85
S315020059804E84012265840122488401223884012240
S31502005990F48401224A84012238B56B4B1A787AB113
S315020059A06A4B01221A706A4B00221A70694B1969F6
S315020059B010231F2201F23911002007F0FCFBBDE083
S315020059C065490B8801339BB20B80322B13D0642BB3
S315020059D011D0962B0FD0C82B40F0A2805F490978D0
S315020059E001F00F01023906296AD8DFE801F0A8158D
S315020059F0AA69696967005949097801F00F010239F4
S31502005A00062951D8DFE801F04F080450505006002D
S31502005A10412249E0012247E06021514801701046C7
S31502005A200A4652E012F0400F16D0484C2178B1FADD
S31502005A3081F149092170002850D04A480188013174
S31502005A4089B20180012949D920460024047005291A
S31502005A5044D944490C8041E002F001013B480170FF
S31502005A603CE012F0400F19D0394C2078B0FA80F0A1
S31502005A704009207000294CD03B4C2088013080B26E
S31502005A802080884245D9D409314D2C700431C9B2DF
S31502005A9081423EDA3449002008803AE002F00101F0
S31502005AA02B48017035E040222D490A70C82B0AD0D6
S31502005AB02E4A127812F0200F19D131E00122F3E7B3
S31502005AC027490020087002F01F00294909789142EF
S31502005AD0A8D001211D4801702248018024490A707C
S31502005AE0224A127812F0200F01D1C82B18D112F0D7
S31502005AF01F0102D049000139C9B21E4800789042FE
S31502005B00AFD0D143C1F3C01111480170164901202B
S31502005B10088018490A70C82B02D10F4B00221A803E
S31502005B200B4B1B78002B3FF441AF0A4B19691F231D
S31502005B30102201F23911002007F03DFB38BD402248
S31502005B40B2E74122B0E700BF66840122FA8301224E
S31502005B50F9830122E4850122C081012231840122D6
S31502005B603A840122BC810122B88101223B840122AE
S31502005B70BE810122BA81012208B5154B1B783BB1C1
S31502005B80144BB3F90030002B02DD013B114A13809E
S31502005B90FFF702FF01F0DCFE0F4B1B7823B10F4B20
S31502005BA01B680F4A9A420DD30C4A136851680D4876
S31502005BB01B1841F10001136051600B4A136801334F
S31502005BC0136008BD084B4FF47A621A60F5E700BF0E
S31502005BD03E8401226084012246840122B081012290
S31502005BE040FBE1FF40420F00A881012238B5294B54
S31502005BF0294A1A60294B2A4A1A600023294A136045
S31502005C00294A2A4911602A4A2A4911602A4A1360F6
S31502005C102A4A13602A4A136001F048FFFFF7EEFC96
S31502005C20284B1C69B4F8002512F0010F05D093B277
S31502005C3023F480739BB2A4F80035234B01221A7019
S31502005C400022224B1A70224B1A60224B1A60224BF8
S31502005C501A6015464FF0010C4FF47A7003E01A46AB
S31502005C606546013811D0D4F81039D4F810198B4290
S31502005C7088BF01F1FF31CB1A002AF0D09A4292BFB7
S31502005C801146194665460A46EBE70DB1124B1A60F4
S31502005C90002038BDF48301227D540022F0830122C4
S31502005CA021550022EC830122E8830122AD55002210
S31502005CB0E483012255550022E0830122DC8301227E
S31502005CC0D8830122E4850122C2810122C8830122EE
S31502005CD0D4830122D0830122CC83012208B5084B4A
S31502005CE09B8B084A928B134313F0010F02D0064B8B
S31502005CF01B8813B104F0AEFB08BDFFF7B1FDF9E74F
S31502005D0038850122F48401223684012210B53D4BE6
S31502005D1000221A803C4B1B7843B13C4B1B78012B6B
S31502005D2007D03B4B1B88EBB9FFF7D8FFFFF79CFB6D
S31502005D3010BD384B1B88002BF3D0374A1288002A35
S31502005D40EFD0364A1288934202D9013233490A8089
S31502005D50324A14889C4214BF002401242C4B1B880F
S31502005D60E3B100E000242E4A12889A4224D92D4932
S31502005D700988002935D02C4B1B8D2C4A12899A4250
S31502005D800CD30333284A138508E00023244A1380E0
S31502005D90274A138502E00132214B1A80FFF79EFF44
S31502005DA0002CC3D0FFF71CFD1A4B1B88012BBDD15B
S31502005DB01A4B00221A80B9E71A4909880029EAD142
S31502005DC0154909880029E6D01A490969B1F820124D
S31502005DD011F4006FD9D19A42E0D80132104B1A80E1
S31502005DE0DCE70D4800880028D8D00029D6D1104912
S31502005DF0098D0E4800898842E6D303310C48018595
S31502005E00E2E700BF528401226284012265840122F4
S31502005E105A8401224A8401223884012248840122BA
S31502005E205C840122368401223885012214A80022CC
S31502005E30F4840122E485012230B583B0424B1B690A
S31502005E40B3F820329CB213F0080F63D100253F4B02
S31502005E501B78002B4FD014F4806F28D03C4B1B7854
S31502005E602BB13C4B1B7813B13B4B00221A803B4BA8
S31502005E701B8D13B1013B394A1385384B1A8D384BAA
S31502005E801A85384B01221A70374B1B78002B45D1E5
S31502005E902D4B1969354B18880B5CDBB2344A1370EB
S31502005EA0344B1B880344013BCB5CDBB213702B4B98
S31502005EB05B88012B35D0304B1B78012B34D0224B1B
S31502005EC01A69B2F820329CB213F4806F13D02349B8
S31502005ED04B8D01339BB24B8521494B85234B188849
S31502005EE0135CDBB222490B70224B1B880344013B35
S31502005EF0D35CDBB20B7014F0040F22D135B1002350
S31502005F000193114B1B69D3F88C390193FFF7ACFA55
S31502005F1003B030BDFFF718FD012598E7FFF7C8FC6F
S31502005F20C5E7FFF7DBFEC6E7144B1B88002BC6D07E
S31502005F300B4B5B88012B01D0222BC0D1FFF750FC03
S31502005F40BDE7FFF7E3FEDAE7E48501224584012295
S31502005F505E840122628401225C8401223885012248
S31502005F60F484012264840122668401222C840122A3
S31502005F702584012236840122658401223884012285
S31502005F8008B5304B1B7853B32F4B1B78002B42D0EE
S31502005F902E4B1B782E4A127813430BD12D4807F04D
S31502005FA0BDF8FFF79BFE2C4B1B78012B23D029480B
S31502005FB007F092F8274807F0E8F8B0F57A7F21D281
S31502005FC0264B1B68B3F57A6F22D201F0FFFDFFF76D
S31502005FD095FB01F029FD224B1B6803B1984708BDCA
S31502005FE0204B1B88002BD9D112F4006FD6D0174B49
S31502005FF001221A70D2E71C4B1B88002BD7D0FFF761
S31502006000EFFBD4E7FFF7B8FD124807F0BBF8D7E776
S31502006010FFF7DAF8D9E70E4B1B78002BCAD10D4BE6
S315020060201B69B3F820329AB213F4806FD8D0074BAB
S3150200603001221A700D4B1B78002BAFD0FFF738FCEC
S31502006040ACE700BFC2810122458401226484012299
S3150200605062840122E485012265840122A88101224B
S31502006060D8830122368401223884012266840122E1
S315020060702DE9F04F87B0019299465C4B1B69B3F844
S315020060800055B3F8022592B2ADF8162015F00105B7
S3150200609000F0A78082460C46B9F1020F0ED04FF4EB
S315020060A08072A3F80025002C63D06B0002930A23AA
S315020060B0009300273E46DFF834B123E0BDF81620F0
S315020060C012F0400F0CBF02250425E8E74FF4807357
S315020060D0ADF81630BDF816309BB2A1F8023526E0AF
S315020060E0B9F1020F4ED0BDF8163003F4F043002B7F
S315020060F057D1AA442F44BFB22E44B6B20A23009304
S31502006100A6426CD2DBF81010C1F804A5B9F1020F51
S31502006110DCD0019B33F81630A1F808354FF4007332
S31502006120ADF81630BDF816309BB2A1F802356423DD
S3150200613043F001E0013BDBB20FF005C0B1F80235D6
S315020061409BB2ADF81630BDF8163013F4004FEED1FF
S31502006150B1F802359BB2ADF81630BDF8163003F42D
S31502006160F043002BBCD0BDF8163013F4005FBAD151
S3150200617051241E4B1B690022A3F80025204607B0B6
S31502006180BDE8F08F7B19029AA34202DDE21B5200A0
S3150200619092B201F5A161019B03EB460007F01CF8E0
S315020061A0A1E7009B013B13F0FF0300931BD0584667
S315020061B006F0EBFF42F2107803960646584606F0C2
S315020061C0E4FFB0422EBF831B00F1FF339B1B9BB241
S315020061D0A8EB0308B8F1000FEFDC039E90E700245A
S315020061E0C7E75024C5E75124C3E700BFE48501226F
S315020061F00023024A1360024A13807047FC8301227D
S31502006200A285012208B5C3881B0B013B072B0DD8BB
S31502006210DFE803F00406040404040409042008BDAC
S3150200622003F0DCF9FBE703F0FBFDF8E70520F6E7F0
S3150200623010B5114B186838B1022102F047F8B0B90F
S315020062400D4B00221A6013E04FF4807006F0E0FF57
S31502006250844670B1094C034620686168A26807C388
S31502006260A2891A80604603F0DBFD002000E00020D0
S3150200627010BD0720FCE700BFFC830122A88501228E
S315020062800023034A1380034A1360034A13607047CC
S3150200629008840122148401220484012238B5038869
S315020062A0052B40F24B810446991F89B2C388013BF4
S315020062B0052B00F20781DFE803F003415A76B5C4E5
S315020062C09F4B1B8813B148F2040277E00C306289B7
S315020062D0238943EA0243024601F01AFD0246994B1C
S315020062E00021196047F69573984219D8964B0121F9
S315020062F01960964B1860944B1B680321A17100210B
S31502006300E17123811B0C6381931D2380904B1B88B3
S315020063100C3B9A428A4B0CBF012204221A80B6E039
S3150200632047F6FA73984200F2D080002386490B6042
S3150200633086490B60824B012119809CE0804B1B88A9
S3150200634013B148F2040239E04289038943EA024260
S315020063500C3001F0F1FC024628B97B4B00221A6090
S3150200636047F6FD72B8E0784B002119607AE0744B6B
S315020063701B8823F004039BB2022B02D048F20402CC
S315020063801CE04289038943EA02436F4A12689A4231
S3150200639002D048F2050211E00C3001F0D9FC0246A7
S315020063A00028DDD05EE0664B1B88012B25D0042B2E
S315020063B048F2040247F6FE7308BF1A4612F4004F6B
S315020063C000F0A18000230521A171E3712281A3724D
S315020063D0E372062222706370102103F0FE02224449
S315020063E0928912F0FF0F00F09880FF2A40F2938004
S315020063F00233DBB20139F0D192E0544D00F10C01C7
S31502006400286801F0C1FC02462B684E490B6047F62C
S31502006410957188422BD803442B604B490B68013394
S315020064200B6068E7464B1B8813B948F20402C5E7BE
S315020064304089238943EA004001F0BCFC47F6FF721B
S31502006440BCE73F4B1B88012B04D0042B02D048F239
S315020064500402B3E704F10C023A4B1968208901F0F1
S31502006460A3FC024647F695739A427FF644AF47F677
S31502006470FA739A4229D800230621A171E371A2F583
S31502006480FF42163A2281A372E37221706370314B86
S315020064901D78002D48D0637903F00F032E4A127837
S315020064A012F0070F02D12C4A012111702A490A78EB
S315020064B043EA0213637101320A70204601F0F6FDC7
S315020064C0002038BD48F20402D1E7A2F5FF437C3B27
S315020064D09BB2012B3FF672AF1B490B68581C086032
S315020064E000210420A071E17123811B0C6381062324
S315020064F02370617047F6FD739A42114B0CBF02225C
S3150200650000221A80C3E700250D4B1D80204606F0A7
S3150200651073FE2846D5E70133DBB20733DBB22380AD
S31502006520074B00221A80B2E74021204601F0CEFE38
S315020065300028C6D0094B1C602846C2E70620C0E7E1
S31502006540088401220C84012214840122108401226F
S31502006550EE84012267840122E58401220484012259
S3150200656008B5054B186830B1402101F0AFFE10B9ED
S31502006570014B00221A6008BD0484012238B5084C7A
S315020065802369B3F8043200EA0305204606F0C6FD85
S315020065902369A3F80452204606F09EFD38BD00BFCB
S315020065A0E485012238B5084D2B69B3F80442A4B23A
S315020065B00443284606F0B2FD2B69A3F80442284696
S315020065C006F08AFD38BD00BFE4850122054B1B6932
S315020065D0B3F8023503F4C053B3FA83F35B09024AF4
S315020065E013707047E485012218840122074A00F5D8
S315020065F08070074B196901EBC00C134651F8300045
S31502006600DCF8041003C31046704700BF1C84012245
S31502006610E485012282B001238DF80730C00000F61E
S315020066200700094A11699DF80730DBB20B5412695B
S3150200663002441378DBB28DF807309DF8073013F069
S31502006640010FF6D002B07047E485012282B0002322
S315020066508DF80730C00000F60700094A11699DF857
S315020066600730DBB20B54126902441378DBB28DF8A1
S3150200667007309DF8073013F0010FF6D102B07047CC
S31502006680E4850122F8B57B4B1A8842F6FE739A42DC
S3150200669040F2CE8004460020FFF7A8FF837913F06C
S315020066A0010F00F0C880037903F00C02042A01D01E
S315020066B01625BEE013F0020F00F0BF804388223B8E
S315020066C09BB2DE2B00F2BB800388A3F580539BB2FC
S315020066D0B3F5005F80F0B5800120FFF787FF83796D
S315020066E013F0010F00F0AF80037913F00C0540F0B0
S315020066F0AC8013F0020F00F0AA804388223B9BB2C3
S31502006700DE2B00F2A6800388A3F580539BB2B3F575
S31502006710005F80F0A080032C13D8032C49D0564B7F
S315020067201B78A34240F28580544F534E2046FFF712
S315020067305DFF83793B700134E4B23378A342F5D826
S3150200674077E04F4B01221A700320FFF74FFF438871
S315020067500188827912F0010F27D0002B7DD0494A99
S3150200676012889A4201D01E2563E0B3F5807F76D85F
S31502006770027912F00C0F74D1434B1B78022B05D011
S31502006780424B1B888B4209D01E2552E0A1F580534D
S315020067909BB2B3F5005F01D31E254AE012F0020F49
S315020067A007D0374B00221A7003E0364A1288134389
S315020067B059D10220FFF71AFF43880188827912F025
S315020067C0010F2ED0002B50D0314A12889A4201D0A6
S315020067D01D252EE0B3F5807F49D8027902F00C031D
S315020067E0042B01D01D2524E0274B1B78022B05D054
S315020067F0284B1B888B4209D01D251AE0A1F5805330
S315020068009BB2B3F5005F01D31D2512E0C2F38011DE
S31502006810214B197012F0020F81D0194B00221A7007
S315020068207DE71B4A128813433FF479AF1D2500E02A
S3150200683014252846F8BD1625FBE71625F9E7162581
S31502006840F7E71625F5E71625F3E71625F1E71625E8
S31502006850EFE71625EDE71625EBE71E25E9E71E25E8
S31502006860E7E71E25E5E71E25E3E71D25E1E71D25EA
S31502006870DFE700BF3284012234840122248401220C
S315020068804484012238840122318401222A8401228D
S31502006890368401222C840122638401222DE9F041EF
S315020068A0964B9C89964B9D890023964A1380964A5D
S315020068B013700220FFF79AFE0288944B1A8003791E
S315020068C013F0020F14BF012603260320FFF78EFEE4
S315020068D003888F4A1380027912F0020F14BF012235
S315020068E003228C490F8807FB02328B4909888A42A8
S315020068F005DD8A48008808448342C0F275818848CB
S315020069000088824205DD874A128802449342C0F219
S315020069106D817E4AB2F800C0834A128806FB02C61F
S31502006920B14207DADFF8F4E1BEF800E071448C45C3
S31502006930C0F25E81B04205DA7A49098801448C4583
S31502006940C0F25881B34203DA3B449C45C0F25481FB
S31502006950764B196991F881395FFA83FED1F8A0095D
S31502006960D1F8A489654EB6F802C0654E768813F052
S31502006970090300F051821EF0020F00F03F812C4005
S315020069800CD014F0040F00F03B8114F0080F05D16F
S315020069901EF0040540F0368108B90EE040B1574BAF
S315020069A01B699842C0F03081614B984200F22E81F9
S315020069B00EF00603062B32D000255E4B1B78002B09
S315020069C053D01EF0040F59D1BCF1030F00F02681FB
S315020069D0032E00F025811EF0020F2DD0BCF1020F0E
S315020069E040F02B82454B58625860454B58625860BE
S315020069F0514B1B7813B9002E00F0188101244F4B1E
S31502006A001C70002A67D03F4B4FF480671F80ACF1A1
S31502006A1002039BB2012B40F2C681634646E0B8F1FF
S31502006A20000F00F01582404500F2148214F0100F98
S31502006A3000F0EE800125C0E7BCF1020F00F0F28003
S31502006A40022E00F0F180BCF1030F40F0F68118E04F
S31502006A5032B1002F0CBF3E4622264FF0010CECE16C
S31502006A603E1E18BF01269446E7E1002A00F0A081E7
S31502006A7005F1020C5FFA8CFC3E462FB9BCF1030FFE
S31502006A80ACD14FF0030CADE71EF0040F0CBF02268B
S31502006A900326F3E794460326A0E74CEA06039BB2D5
S31502006AA0002BABD1254C24781E4694B9B71EBFB233
S31502006AB0012F4BD9114F7B80114B5E800023204E54
S31502006AC03380204E3380204E3380012D40F0FB80F0
S31502006AD054E09C4695E71FB10A4B4FF400671F80AE
S31502006AE0ACF102039BB2012B40F2C580B31E9BB2EE
S31502006AF0012B40F2B1816346DCE700BF38850122F3
S31502006B00F484012228840122648401222C84012235
S31502006B102A84012238840122E8840122EE84012299
S31502006B20EA840122EC84012236840122E4850122D0
S31502006B30000050C37E85012244840122458401223D
S31502006B40488401225A8401225C8401229B4F4FF021
S31502006B50010C87F800C0002A00F09180984F7B80D4
S31502006B60984B5E800023984F3B80984F3B80984F0E
S31502006B703B80984F3B80012D40F0A38000EB080339
S31502006B80404511D8B3FBF0F6B5B200FB16332BB174
S31502006B908F4B1D8001358C4B1D8097E06E1C8C4BF4
S31502006BA01E80894B1D8091E0894D01262E80B3FB04
S31502006BB0F0F6B5B2844F3D8000FB1633002B00F091
S31502006BC08580E7E70123D7E001238349098803EBA0
S31502006BD0510382490B80D9E00220FFF737FDD8E046
S31502006BE00320FFF733FDD9E01E20DAE01E20D8E0AD
S31502006BF01D20D6E01D20D4E01D20D2E03020D0E0BA
S31502006C003020CEE03020CCE03620CAE03620C8E084
S31502006C103020C6E03020C4E03020C2E03020C0E0A0
S31502006C203020BEE03020BCE03020BAE02920B8E0B7
S31502006C301F20B6E01F20B4E01EF0040F00F0A6806D
S31502006C404044674B9842BFD943096649A1FB0313E7
S31502006C50DB095B006449A1FB0313DB08B5E7634B61
S31502006C6000211980624B1B78002BE1D1002C55D0F4
S31502006C70002A53D04DE0514B01271F7063465D4FEA
S31502006C804FF0000CA7F800C04D4F7B804D4F7E8021
S31502006C900027DFF834C1ACF80070DFF830C1ACF879
S31502006CA00070DFF82CC1ACF80070DFF828C1ACF830
S31502006CB00070012D3FF462AF022B02D1444B012535
S31502006CC01D80032E02D0404B01251D804A4B002514
S31502006CD01D80B1F82054ADB2002AC0D0002DBED01E
S31502006CE0B1F8001489B20029B9D0023146F2A713CD
S31502006CF001FB0533DB084149A1FB0313C3F30F2351
S31502006D003A490B80002BADD0394B1B78002B91D022
S31502006D1024B138490B8843F480630B8000232E4943
S31502006D200B8037490B8037490B802C490B8036493B
S31502006D300B7036490B7036490B8022490B854B8501
S31502006D4081F840301E490B854B8581F840301EF094
S31502006D50020F1BD000283FF46FAF214B98427FF6FB
S31502006D6031AF43091F49A1FB0313DB095B009BB249
S31502006D701D49A1FB0313DB0817490B801EF0040F04
S31502006D8004D040457FF65CAF14490B80002A7FF49D
S31502006D9023AF204B1B88002B7FF422AFFEF720FD8A
S31502006DA00020BDE8F081054B01271F7063466BE7A3
S31502006DB0002F56D12B463E46BC463DE06284012258
S31502006DC038850122F48401224A8401224884012260
S31502006DD05A8401225C840122508401224C840122BD
S31502006DE01FA10700C55A7C0ACDCCCCCC2E84012229
S31502006DF063840122288401227C85012289B5F81444
S31502006E00528401224E8401225E8401225884012288
S31502006E105684012238840122154C2578002D3FF430
S31502006E2017AEACF10204A4B2012C7FF6F3AEB41E87
S31502006E30A4B2012C7FF6F0AE1D460E4B1B78002B3A
S31502006E407FF42BAEBCF1000F7FF4D5AD2920A8E765
S31502006E500025B2E50025B0E5074B01271F70634602
S31502006E600DE71EF0040F7FF415AE9446022605E6E2
S31502006E707E8501224484012262840122104B1A7803
S31502006E8002F00F024FF48B73D34013F0010F13D1AC
S31502006E900C4B1B782BB10C4BC8221A800B4B0022D1
S31502006EA01A800B4A0023138582F84030094A13855B
S31502006EB082F84030FF207047074B1888704700BFA2
S31502006EC040840122628401225684012254840122D2
S31502006ED038850122F4840122428401220023024AD7
S31502006EE01370024A13707047648401226684012279
S31502006EF008B5214B1B88002B35D1204B1B88002B54
S31502006F0035D14FF2F330FFF739FB00231C4A1370D9
S31502006F101C4A13701C4A13701C4A13701C4A1370C5
S31502006F201C4A13801C4A13801C4A13801C4A138075
S31502006F301C4A13801C4A13801C4A13801C4A138065
S31502006F401C4A1385538582F840301B4A13855385A4
S31502006F5082F84030194A1380194A1370194A13707D
S31502006F60194A137008BD0220FFF754FBC5E7032038
S31502006F70FFF750FBC5E700BF3684012238840122A1
S31502006F806484012245840122628401225E840122F4
S31502006F90588401225A8401225C84012250840122EF
S31502006FA0528401224E8401224C8401224A84012207
S31502006FB04884012238850122F48401225684012262
S31502006FC063840122658401227E850122344B1B786B
S31502006FD083421CBF324B1870324B1B78BBB1304B0D
S31502006FE01B7813F0100F12D1002948D103F00F02BB
S31502006FF0032A3ED02C4A118843F02003284A1370F4
S315020070002A4A1269A2F83411A2F830310FE0244A52
S31502007010137803F0DF0313704FF6FF72914214D018
S31502007020224A1269A2F83411A2F8303189B9002233
S315020070301F4B1A7070471F4B1B7823B91B290CBFB5
S3150200704042224022F4E74122F2E7184A1269A2F8E4
S31502007050303110F0100FEAD0A1F11A039BB2182BAF
S31502007060E9D8154A22FA03F313F0010FE3D04122BD
S31502007070DEE70B4A137803F0DF031370D0E7084A02
S31502007080137803F0DF0313704FF6FF729142DCD0E0
S31502007090064A1269A2F83411A2F83031D9E700BFC4
S315020070A0318401223084012226840122E4850122D0
S315020070B03B84012240840122010008012DE9F041AE
S315020070C084B00E46844B4FF6FF721A80834B012220
S315020070D01A7010F010072AD0814B1C7804F0EF04C6
S315020070E017467F4B1C7000F00F0505EB041404F0E5
S315020070F0FF04482C2FD8212C26D9A4F12203262BB3
S3150200710041D8DFE803F023402F4040404040404052
S315020071104040404040404040404040404040404067
S3150200712040404040404023403740404037006C4B8F
S315020071301C7814F0100F04D000F00F03012B40F05E
S31502007140C98204F00F04CCE7122C1CD10220FFF7EF
S3150200715099FA804613E0842C0CD0882C0AD0822C13
S3150200716011D1F3E75F49604802F0C2FF804600286A
S3150200717040F0EC815D4B1878FFF784FA8046B8F14F
S31502007180000F40F0E3815A4B00221A80A4F111034A
S31502007190772B00F27082DFE813F0B601D700780091
S315020071A038026E026E026E0238026E026E026E02C3
S315020071B06E026E026E026E026E029A01B901380208
S315020071C00A016E026E026E0238026E026E026E02D2
S315020071D06E026E026E026E026E02C10038026E020C
S315020071E038026E026E026E0238026E026E026E0283
S315020071F06E026E026E026E026E028E017801380215
S31502007200B9016E026E026E022C016E026E026E02EF
S315020072106E026E026E026E026E026E026E026E02E6
S315020072206E026E026E026E026E026E026E026E02D6
S315020072306E026E026E026E026E026E026E026E02C6
S315020072406E026E026E026E026E026E026E026E02B6
S315020072506E026E026E026E026E026E026E026E02A6
S315020072606E026E026E026E026E026E026E026E0296
S315020072706E026E026E026E026E0283016D013802AA
S3150200728063016E026E026E02B9011A4B01221A7076
S315020072900020FDF76BFF0220FFF7F4F928B1154B2A
S315020072A000221A704FF01508E7E10020FFF766F991
S315020072B000F00AFE8046F8B1B8F1FF0F04D0074B82
S315020072C01B7843B300F054FE0320FDF70BFF094B76
S315020072D000221A7061E000BF608401223F8401220D
S315020072E03184012236840122388401223484012227
S315020072F03C84012267840122AA4B00221A7002F002
S31502007300EAFE80460028D7D1A74B01221A70032035
S31502007310FDF7E8FE95E002F0E0FED3E7A34B1B780B
S315020073203BB94FF00008FDF7DEFEA14B00221A70B2
S31502007330D6E000209D4B1870FFF720F900F018FEEA
S3150200734002F0CBFE8046EEE7FFF740F9994B1B7839
S31502007350DBB100F0B9FD804640B1B8F1FF0F16D09F
S31502007360904B1B7873B100F003FE10E08D4B0022A8
S315020073701A7002F0B0FE80460028EED18A4B012236
S315020073801A7004E002F0A9FEEDE74FF0510802235D
S315020073906A4608210846FEF76BFEB8F1FF0F40F079
S315020073A0A380854B01221A70844B1C80EFE0FFF705
S315020073B075FA804648B1B8F1FF0F00F04D81794B5E
S315020073C01B789BB1FFF794FD8EE0764B00221A7074
S315020073D07B4802F084FE80460028ECD1784B188860
S315020073E0FFF7E0F8774B01221A702AE002F079FEE5
S315020073F0E8E72FB1744B1B8883B9744B1B888BB992
S31502007400FFF73CFD804688B1B8F1FF0F00F02481FA
S31502007410644B1B780BB3FFF761FD65E00220FFF7B3
S3150200742015F9EDE70320FFF711F9E9E75D4B0022B5
S315020074301A7002F058FE80460028E5D1644B0122FC
S315020074401A70644B187800F00F039D4256D1002142
S31502007450594B1970FFF7BAFD3CE102F046FEDAE736
S3150200746002F043FEFFF73AFD4FF000084D4B83F85A
S31502007470008039E002F039FE8046FFF72FFD494BC6
S3150200748000221A70B8F1000F2AD102F02AFEFFF785
S315020074902FFD4FF00008434B83F80080422423E07F
S315020074A002F023FE8046FFF719FD3E4B00221A70BA
S315020074B0B8F1000F14D102F014FE8046FFF718FD52
S315020074C0384B00221A70B8F1000F40F0D28000F05B
S315020074D04FFD02F002FE8046354B00221A7021242F
S315020074E0B8F1FF0F00F0BE803A4B187800F00F0398
S315020074F09D42ACD0B8F1000F40F0C680002E40F09D
S31502007500A480B046DBE02A4B00221A7077B9314BD1
S315020075101B7813F00C0F00F0E0802B4B1B884BB945
S315020075202A4B1B8863B94FF0FE08A6E0204602F0FC
S31502007530D1FDECE70220FFF789F84FF0FE089CE048
S315020075400320FFF783F84FF0FE0896E0214B1B78E5
S31502007550042B08D0082B02D0022B08D00DE002F033
S31502007560C4FDFFF7BBFC02F0BCFDFFF7C1FCB8F19E
S31502007570160F35D0174B02221A70B8F1FF0F7CD1C5
S315020075800D4B01221A700D4B1C80132C36D84FF46A
S31502007590FA63114A82FB0312A3EBA2030F4A13807A
S315020075A098E000BF3F840122F18401226784012210
S315020075B07E850122188401223E8401223C84012216
S315020075C0288401226584012236840122388401221C
S315020075D0668401223184012267666666608401221E
S315020075E000F0C6FC02F079FD0020FFF713F8012037
S315020075F0FFF710F83A4B01221A7075E7242C01D0D6
S31502007600482C34D142F22833C3E74FF011086BE716
S315020076104FF000083CE002F068FDFFF75FFC3BE03C
S315020076200220FEF7F7FF3FE00320FEF7F3FF3BE001
S315020076302B4B04221A703EE05EB962E7FDF79CFD11
S31502007640012847D1FDF79EFD44E0284310F0080FBC
S31502007650DED145F0100554E7224B01221A70224B67
S315020076601C80CFE71F4B01221A701F4B1C80C823B8
S315020076708FE7412434E74FF01208194B187800F0CF
S315020076800F039D423FF4E3AE284310F0080F0ED0DD
S31502007690164B1B78002BBED1154B1B88002BBFD176
S315020076A0144B1B88002BBFD1B8F1000FC4D00C4B72
S315020076B01B78082BBCD00A4B1D7845F01005084BE9
S315020076C01D70084B00221A7041462846FFF77EFCC1
S315020076D0312CB3D004B0BDE8F0814FF0FE08CCE700
S315020076E0318401223E8401223C84012266840122E5
S315020076F0368401223884012238B5844B1B78002B4C
S3150200770074D0834BB3F90030002B79D1814B1B889F
S31502007710C3F30714242B34D011D8123B9BB2012B8E
S3150200772000F2EE807C4B1B7823B300F021FC7B4BEE
S315020077301B7803F00F03012B1FD001254DE0482BC8
S3150200774040F0DE80764B1B78002B2DD0754B1B78D4
S31502007750002B3CD0744B1B781BB9744B1B88002B37
S3150200776045D1734B1B78002B43D0724B01221A7002
S31502007770082426E002F0B1FCD7E76F4B1D8875B3EB
S315020077802BE0654B1B784BB1FFF7B2FB634B1B78C3
S3150200779003F00F03022B04D001251EE002F0A1FC28
S315020077A0F2E7654B1D88EAE7604B1B881BBB5B4B08
S315020077B01B7803F00F03042B05D05E4B01221A70CF
S315020077C0082400250BE05C4B1D880DB9F9E72D2531
S315020077D0514B1B788BB1FFF781FB44F010044B4BE6
S315020077E000221A7029462046FFF7F0FB38BD1B25FA
S315020077F0EEE71A25ECE71B25EAE702F076FCEAE754
S31502007800444B1B88242B42D017D8123B9BB2012B28
S31502007810ECD8414B1B78002BE8D03F4B00221A7064
S3150200782002F059FC054658BB444B01221A70394BEB
S315020078301C8814F00F04D9D0D1E7482BD6D1364B89
S315020078401B78002BD2D0364B1B78002B3ED03C4BFC
S31502007850B3F90030002BC9DD3A4AB2F900209A4248
S31502007860C4DB0023364A1380364A13802A4A137031
S3150200787002F039FC18BB2F4B01221A70082415E0BE
S31502007880FF28B3D002F029FC00F072FBAEE7224BD0
S315020078901B78002BAAD0204B00221A702A4802F02D
S315020078A01EFC28B9294B01221A700424002596E7EA
S315020078B0FF289BD002F015FCFFF71AFB96E7FF287C
S315020078C094D002F012FCFFF709FB8FE7174B1B88D7
S315020078D01BB1154B1B78002B88D00F4B00221A7058
S315020078E002F001FC20B9134B01221A700824DDE7CD
S315020078F0FF283FF47BAF02F0F8FBFFF7EFFA75E7DC
S31502007900002C3FF473AF002569E700BF3E840122D5
S31502007910608401223C8401223F84012240840122A8
S31502007920628401225E840122648401223684012259
S31502007930588401226684012242840122F1840122B2
S31502007940568401225484012228840122658401225C
S3150200795008B5284805F0E2FB274B1B78002B45D0DB
S31502007960264B1B78002B41D0254B1B8833B1254A69
S315020079701288934231D90132224B1A80224B0122BC
S315020079801A70224B1B8833B1214A1288934224D99A
S3150200799001321F4B1A801F4B1B891BB11E4A128DC7
S315020079A09A420CD21D4B01221A701D4BB3F90030BC
S315020079B0002B1BDD1B4A13880133138016E0174B7D
S315020079C01B789BB1154B00221A70154BB3F9003088
S315020079D093420BDD134B1A8008E00B4B00221A7000
S315020079E00E4B1B7813B10D4B00221A70014805F09D
S315020079F073FB08BDE48501226284012265840122AB
S31502007A0050840122528401225E8401224C84012286
S31502007A104E84012214A800223885012258840122AC
S31502007A20568401225484012208B5184B1B88ABB137
S31502007A30174B1B69B3F8403413F0010F0ED1154BE7
S31502007A401B885BB1144B1B781BB9144B00221A70AE
S31502007A5010E01B210420FFF731FB0BE0104B1B78D3
S31502007A6043B10D4B1B782BB10E4B1B781BB10E4B42
S31502007A701B782BB108BD2C210420FFF71FFBF9E769
S31502007A801A210420FFF71AFBF4E700BF2E84012215
S31502007A90E48501223684012266840122648401225D
S31502007AA0628401225E8401225884012238B52C4B5D
S31502007AB01B695A792B4C2270DB889BB29B0203F618
S31502007AC0FF73294A1380294B00221A80FEF77EFD96
S31502007AD023784BB10024234DE0B2FEF79BFD01341F
S31502007AE02A78E3B29A42F7D800F094F90024204BA0
S31502007AF01C70204B1C70204B1C70204B1C70204BA2
S31502007B001C70204B1C70204B1C70204B1C70204B91
S31502007B101C80204B1C80204B1C80204B1C80204B41
S31502007B201C80204B1C70204B1C70204B1C80204B51
S31502007B301C80204B1C80204B1C8001201F4B187080
S31502007B402146FFF743FA1E4B1C801E4B1C701E4B30
S31502007B501C70FEF74DFB2046FEF710FD38BD00BF38
S31502007B60E485012234840122328401222684012200
S31502007B70678401223F8401223E8401226484012219
S31502007B8066840122658401223084012263840122F3
S31502007B902E84012252840122508401224E84012223
S31502007BA04C84012262840122408401224284012201
S31502007BB0288401223684012238840122318401225A
S31502007BC03C8401223B8401224584012270B500F0E7
S31502007BD07DFC454B1D78002D48D0444B1B6993F81C
S31502007BE00E48E4B293F80D58EDB2404B1A69B2F85A
S31502007BF0203299B213F0010F3FD03D4B1B78002B78
S31502007C006BD192F82031DEB213F0200303D0394B48
S31502007C101B786BB30123374A137000213046FFF7F6
S31502007C204DFA334B1B78002B5AD12F4B1B78E3B1FD
S31502007C3014F0010F34D015F0080F03D12E4B1B7828
S31502007C40002B35D114F002043FD12C4B1B782BB1FB
S31502007C5000F00CFB254B1B6983F80F48234B1B696D
S31502007C60B3F8203213F4807F34D170BD0124BCE70F
S31502007C7002F000FC224B1880CCE711F0100FD0D096
S31502007C801B4B1B7863BB1F4B187810F0100FCCD11F
S31502007C900128CAD0002100F00F00FFF70FFAC0E753
S31502007CA0184B1878002100F00F00FFF707FAC2E719
S31502007CB0154B00221A70154A12880C4909691B785D
S31502007CC0DBB28B5400F07CFABCE70C4B1B78002B22
S31502007CD0C4D1BDE700F07EFBC7E711F0100FA0D0BC
S31502007CE0FFF70AFDA1E700BFF1840122E485012224
S31502007CF03E84012230840122F2840122F084012290
S31502007D00268401223184012225840122E88401226B
S31502007D1030B583B014461A46054B1D682DB1009442
S31502007D20044B1B88A84703B030BD4FF40040FAE766
S31502007D30F48301220084012208B5044B1B680BB1AF
S31502007D40984708BD4FF40040FBE700BFE8830122D5
S31502007D5038B50B4B1D880C3DA94214BF00220122E7
S31502007D60084B1B6843B10C46984720B9AC4247F60C
S31502007D70FC7318BF184638BD4FF40040FBE700BF3E
S31502007D80EC840122E483012208B5054B1B6823B16A
S31502007D900A4604490988984708BD4FF40040FBE7A4
S31502007DA0F08301220084012208B508461146FFF736
S31502007DB0EBFF08BD08B5024B1B6803B1984708BD27
S31502007DC0EC8301224A88531C9BB2B1F804C09C453D
S31502007DD008BF0023B1F800C09C4505D0023241F825
S31502007DE022004B8000207047072070470246038816
S31502007DF0418899420CD0991C50F8210001339BB25C
S31502007E0013809188994200D07047002313807047EF
S31502007E100020F9E71A4B22221A801A4B4FF480727D
S31502007E201A804FF48053184A1380184A1380184A4E
S31502007E300023138053800A219180164A13805380AF
S31502007E409180154A1360154A1360154A1360154A44
S31502007E501360154A1370154A116991F80F2802F03A
S31502007E60FD0281F80F28124A1370124A1370124A41
S31502007E701370124A1370124A1370124A1370704723
S31502007E80EC840122EE840122EA840122E8840122A2
S31502007E906C840122A0840122E0840122D88401227A
S31502007EA0DC840122D4840122F0840122E4850122A9
S31502007EB0F1840122F2840122F3840122E484012264
S31502007EC0E6840122E584012238B50020FEF78EFB06
S31502007ED0204C4388238003881F4D2B800120FEF708
S31502007EE085FB43881D4A138002881D490A8028881B
S31502007EF021880144914202DD1A44904228DB0C3B60
S31502007F00184A13800020FEF7A1FB0120FEF79EFB14
S31502007F10104B188805F07CF9134B186040B1002409
S31502007F20124B1C7005F068F90F4B1C60204638BDD9
S31502007F300E4B01221A700A2005F06AF9B0FA80F493
S31502007F406409640005F058F9074B00221A60EDE750
S31502007F501624EBE7EC840122EA840122EE84012254
S31502007F60E884012200840122E0840122688401223D
S31502007F7010B50020304B1870FEF74CFB0120FEF7BF
S31502007F8049FB2E4B1868E0B105F036F92C4B186800
S31502007F90E8B12A4B1B68984219D016E005F02CF975
S31502007FA02046FFF723FF0028F8D10028F8D1254CF8
S31502007FB001E005F021F92046FFF718FF0028F8D165
S31502007FC010BD1F4B1868002831D005F015F91E4B5D
S31502007FD0186848B1194B1B68984205D0184B1B68A4
S31502007FE0834201D005F008F901F0C8FEFEF748F910
S31502007FF00023164A1360114A1360134A1360104A8B
S315020080001360134A1370134A116991F80F2802F08C
S31502008010FD0281F80F28104A1370104A1370104A95
S315020080201370104A1370104A1370104CB8E7064BBF
S3150200803018680028D2D1D7E7F1840122D884012218
S31502008040D4840122A0840122DC840122E08401225C
S31502008050F0840122E4850122F2840122F3840122C2
S31502008060E4840122E6840122E58401226C84012251
S3150200807008B50D4B1B78012B08D0437903F00F038B
S31502008080032B0BD0042B06D0022009E0437903F020
S315020080900F03042B05D1FEF701F901E0FEF7B2F852
S315020080A008BD0220FCE700BF67840122F0B583B059
S315020080B03A4B1B7803F00F03012B68D00446384B6A
S315020080C01B78002B65D0374B1D78002D63D10288B3
S315020080D0354B1B88991D114489B2344800880344E4
S315020080E0013B9BB232480026067099421BD28C464F
S315020080F030482F4E6FEA010E9E441FFA8EFE0EF195
S31502008100010E013109B21FB2B9423DD8002F3BD050
S315020081104EF001E03378DBB2016901F80C300CF164
S31502008120010C0FF009C8234E1F4B1B88306906321B
S315020081302146184405F050F800238DF807303269BD
S3150200814092F80D38DBB28DF807309DF8073013F040
S31502008150080F0BD1164900230B70134B1B881348CB
S3150200816000880344013B0978C9B2D154124B1B68FB
S3150200817013B1124B00221A600F4B1C60094B0122ED
S315020081801A70284603B0F0BD4FF0010EC0E7F02585
S31502008190F7E7F025F5E70725F3E700BF318401226B
S315020081A0F1840122F2840122E8840122EE84012272
S315020081B025840122E4850122DC840122E084012255
S315020081C008B5234B00221A70224B186810B1224BB5
S315020081D01B68ABB1214B1A681E4B1A601E4B1868FE
S315020081E0A8B1FFF763FF1C4B00221A601C4B1B78D9
S315020081F02BB113F0020F12D113F0400F1FD108BD9D
S31502008200164B1B689842E5D004F0F6FFE2E71548E4
S31502008210FFF7ECFD0028E9D0FFF748FFE6E723F079
S3150200822002030F4A1370104B1868FEF701F8002874
S31502008230E5D00B4A137843F002031370DFE723F00D
S315020082404003074A1370084B1868FEF789F9D6E708
S31502008250F2840122D8840122D4840122DC84012200
S31502008260E4840122A0840122E084012210B5124B8B
S315020082701C685CB1114B1B7813B1114B1B6863B1BF
S315020082802046FFF713FF0C4B00221A600D4A1378A3
S31502008290B3FA83F35B09137010BD0120FEF7BAF936
S315020082A0094B1A68064B1A600120FEF7CFF9034BF9
S315020082B000221A70E4E700BFD8840122F284012268
S315020082C0D4840122F0840122DC84012238B51F4BBA
S315020082D01B7803F00F03012B35D004460D46437974
S315020082E003F00F031A4A127812F0070F02D1184A46
S315020082F001211170164A127843EA0213637120466D
S31502008300FFF7D4FE50B9124B1B780133DBB2104A89
S31502008310137015F0800F0ED1002038BD0D4920468E
S31502008320FFF750FD10B145F0800505E0084B1B78BC
S315020083300133DBB2EBE70020074A05F07F0513782D
S315020083402B431370E9E7F020E7E700BF31840122EF
S31502008350E5840122A0840122E484012210B50446A8
S3150200836043790288B2F5807F0DD81B0903D0174ADC
S3150200837012789A4227D0154A137015492046FFF7FC
S3150200838021FD80B910BD002104220270417023F044
S315020083900F03437101238371C17108230372417272
S315020083A0FFF794FFEEE700210422227061706279E2
S315020083B022F00F0262710122A271E1712081204630
S315020083C0FFF784FFDEE704F017FFDBE7E68401220E
S315020083D06C8401222DE9F04182B0334B1B885B0885
S315020083E0324A126932F81340A4B2314B1B78012B80
S315020083F00BD0304B1B78304909780B431AD02F4BE0
S3150200840001221A7002B0BDE8F0810A2004F000FFD2
S3150200841005460028EDD00021C0F80210042303808F
S315020084200123C38007230381FFF750FF284604F088
S31502008430E3FEDEE7214B00221A70214B1F88A21DA4
S3150200844092B2BA4228BF3A461446384604F0E0FED3
S3150200845005461C4B186018B3144BD3F81080124B08
S315020084601E88224608EB060104F0B6FE00238DF8AC
S31502008470073098F80538DBB28DF807309DF80730DB
S3150200848013F0080F08D0104A002313703E44013E31
S3150200849018F80630DBB213702846FFF75FFFB1E724
S315020084A0064B01221A70ADE7EA840122E485012215
S315020084B068840122F2840122E4840122F3840122E7
S315020084C0EC840122E084012225840122F8B5114DB3
S315020084D0002604272846FFF789FC044690B1FFF7D9
S315020084E0C7FD0028F6D027706670627922F00F0267
S315020084F062710122A271E671208131462046FFF7A0
S31502008500E5FEE7E7044B1B7803B9F8BDFFF762FF08
S31502008510FBE700BF6C840122F384012210B50446F6
S31502008520FCF7A0FE034628B11A89A24202D05B6874
S31502008530002BF9D1184610BD9089C0F3032C002BED
S315020085403FD0BCF1070F59D0BCF1080F2CD000B5B3
S3150200855010F0FF0008BF00201ED01269931D0138DB
S3150200856080B200EB400002F10C0E0EEB400E002032
S31502008570AEEB030EAEF1060E4FEA5E0E224A02FB88
S315020085800EFE2EF0004E0EF1010E4EF001E05A885C
S31502008590104406330FF005C80730C008831C0029B3
S315020085A008BF18465DF804FB1369188993691B789E
S315020085B003FB00F00730C008831C002908BF1846D9
S315020085C07047BCF1070F0FD0D1B1BCF1080F10D024
S315020085D0C0B2884216D3136901EB410103EB410392
S315020085E058880730C0107047136958880730C01082
S315020085F07047136918890730C0107047002070470A
S315020086000120704700207047ABAAAA2A0E4BA3FB93
S3150200861001234FEA531C027802EB531303706423BF
S3150200862003FB1C11C9B2094AA2FB0132D30890F816
S3150200863001C00CEBD202427003EB8303A1EB4301B0
S3150200864030318170704700BF1F85EB51CDCCCCCC49
S315020086502DE9F04184B01D4654699389E1B10F4674
S31502008660C3F30323072B17D0092B24D0002D4AD09E
S31502008670264B6C460FCB07C4237039460DF1090011
S31502008680FFF7C4FF6B4607CB28606960AA601B78B8
S315020086902B734FF00C080AE0204604F0BDFD1FFACA
S315020086A080F825B142462146284604F095FD40460B
S315020086B004B0BDE8F081204604F0AEFD461C264417
S315020086C001243378FD2BD1D8A74209D00134A4B2B4
S315020086D0304604F0A1FD01300644A742F1D2C5E7B7
S315020086E0304604F099FD1FFA80F845B1B8F1000F43
S315020086F0BED042463146284604F06EFDD7E7B8F1B1
S31502008700000FD4D1B2E74FF00C08D0E704A800223C
S315020087108389C3F30323082B05D001EB41010069CA
S3150200872000EB4100704709B90069704700690630DD
S3150200873070472DE9F843804620278740FCF792FDD3
S3150200874018B1BFB20446002612E000263046BDE844
S31502008750F8830135A94508D0E9B22046FFF7D8FFCC
S3150200876083881F42F5D00136B6B26468002CEDD07C
S315020087702389B3F5805FF8D3B8F1000FF3D094F8EC
S315020087800C9009F101090025E6E700002DE9F04FFA
S3150200879083B08346019116469A460B88B3F5805FED
S315020087A00BD0274B1C68FCB1012E14D94FF02008C0
S315020087B008FA0BF81FFA88F82DE0FCF753FD044679
S315020087C00028F1D10C9B13B11B230C9A137030466F
S315020087D04FF6FF7301E023893046019A1380184B46
S315020087E01C6003B0BDE8F08F10464FF6FF73F4E746
S315020087F001354D451CD0E9B22046FFF789FF838833
S3150200880018EA030FF4D02AF8027BB01E86B2646817
S315020088108CB1012EDFD92789B7F5805FF7D3BBF17B
S31502008820000FF0D094F80C9009F101090025E2E757
S315020088306468002CEFD130464FF6FF730024CCE774
S315020088409C8501220A3070472DE9F04FB1F80CE001
S31502008850CEF3032E0446003818BF0120BEF1070FDF
S315020088607AD00001002C78D04FF0060C0122154672
S3150200887040F21146474FDFF8208140F2091947E0DE
S31502008880A3F1030A1FFA8AFABAF1080F5DD805FAAC
S315020088900AFA1AF0320F72D11AEA090F55D000F10C
S315020088A00F0A4FF6F0700AEA0000944229D90B2B00
S315020088B018D1BBF80230034498B222E0B3F5187F10
S315020088C04DD0A3F262239BB2012B3ED800F11F03C7
S315020088D04FF6E0701840944213D9BBF802300344B5
S315020088E098B20EE0B3F5187FE3D0103080B208E0FC
S315020088F000F11F034FF6E0701840944201D9403050
S3150200890080B2531C9BB20CF1060C944225D01A4637
S31502008910BEF1080F0B690CBF03F1060B03EB0C0B40
S31502008920BBF800302F2BC9D8102BA9D9A3F1110AF5
S315020089301FFA8AFA05FA0AFA1AEA060FD8D11AEAC9
S31502008940070F1CD11AEA080F11D19442D9D9BBF8E4
S315020089500230034498B2D4E70020BDE8F08F00F15C
S315020089600F034FF6F07018409442A2D8C9E700F1FF
S315020089700F034FF6F07018409442B6D8C1E700F1E3
S315020089801F034FF6E07018409442BAD9203080B2E5
S31502008990B7E700BF008000400040002022297BD8B4
S315020089A0DFE801F012144A627A7A7A7A7A7A7A7A65
S315020089B07A7A7A7A7A7A7A7A7A7A7A7A7A7A7A7A0F
S315020089C07A7A7A7A7A7A38000020704741F6324308
S315020089D0984213D041F63343984261D1364B9B8974
S315020089E013F0020F5ED0354B1B88002B5CD1344B43
S315020089F01B88002B14BF0020122070472F4B1B88A8
S31502008A00002B4BD02F4B9B8913F0020F14BF002073
S31502008A101220704741F63343984201D01220704724
S31502008A20254B9B8913F0020F40D0244B1B88002B49
S31502008A3014BF00201220704741F6324398420BD0F1
S31502008A4041F63343984233D11B4B9B8913F0040FF3
S31502008A5014BF0020122070471A4B9B8913F0040F93
S31502008A6014BF00201220704741F6324398420BD0C1
S31502008A7041F6334398421DD10F4B9B8913F0080FE1
S31502008A8014BF0020122070470E4B9B8913F0080F6B
S31502008A9014BF002012207047122070471220704720
S31502008AA0122070471220704712207047122070471A
S31502008AB01220704712207047F48401223684012264
S31502008AC038840122388501222DE9F04F8BB00590BA
S31502008AD0069114461F46149E9DF8545004959B8990
S31502008AE0C3F303220892DBB207938946072A00F0F2
S31502008AF0B681B0F5805FC0F0AD81BB6993F800A086
S31502008B00CDF81CA0002D00F0AD81944B1B681BB163
S31502008B10049A069905989847FD696DB1049B0093DE
S31502008B203346224606990598A847844660460BB006
S31502008B30BDE8F08FCA46E8E7059BB3F5805F04D22D
S31502008B40069B8BB99C464D4609E0CA4538BF4FF095
S31502008B50000CEBD34D464FF0000CCDF818C04FF089
S31502008B600008CDF824C017E1BC69069D294638469F
S31502008B70FFF7CEFD42880732D21005F1804A0AF18C
S31502008B80FF3A54F82A100B8833804B887380043AD4
S31502008B900431301D04F020FB4FF0000CC6E7089BA1
S31502008BA0072B00F09581079B26F8023BEFE0102B7E
S31502008BB000F0B581202B00F097804FF0180CB5E736
S31502008BC01B2B2ED8082B18D9093B122B00F2278112
S31502008BD0DFE813F0AA002F002F0025012501250149
S31502008BE02501250198002501250125019800250169
S31502008BF025012501250125019800C3B3012000FAAC
S31502008C0003F313F4C87F6FD113F0260F45D113F087
S31502008C10480F40F084814FF0180C87E74FF0180C8C
S31502008C2084E7372B1DD9A3F518739BB2032B00F2E9
S31502008C30F980039B13F00F0F40F00381628807321D
S31502008C40D210304604F0C8FA63881A0906EB4206C7
S31502008C5013F00F0F00F0CF80337833800123069391
S31502008C6095E01D2B00F244814FF0180C5EE7049B41
S31502008C70002B00F0DA80638813F00F0F06D00399F9
S31502008C801944B21C11F00F0F08BF1646C3F30313A3
S31502008C9006EB43060123069379E0039B03F00F01DB
S31502008CA060882F4B33F810308B401FFA83FC3BF859
S31502008CB0120009B9002232803288049B73B10CEA91
S31502008CC00003134333806388039A1A4412F00F0F8A
S31502008CD040F08E8002360123069358E00CEA000328
S31502008CE00B4113439BB2EDE7039B13F00F0F40F0CA
S31502008CF0A2803BF8123033804B88738004360123FE
S31502008D00069344E0039B13F00F0F40F097803BF865
S31502008D10123033804B8873808B88B380CB88F38084
S31502008D2008360123069332E0039B13F00F0F40F03F
S31502008D308B8062880732D210304604F04DFA63887F
S31502008D401A0906EB420613F00F0F57D03378338019
S31502008D50012306931BE0A6F800803CE0E083012293
S31502008D6040940022638813F0F00F09D0434626F898
S31502008D70028F0133DBB26288C2F303129342F6DB3F
S31502008D80A38813F0070F14BF1A23062309936B1C3B
S31502008D909BB2AA4535D01D46D7F818B0002D7BD018
S31502008DA0059BB3F5805F77D3ECB239462046FFF7D1
S31502008DB04BFD039021463846FFF7AAFC04468288FB
S31502008DC05C4B1B7803EA420313F00E0F74D1039B2C
S31502008DD013F00F0FBFD0638813F00F0FC2D0039AA0
S31502008DE0134413F00F0F04BFA6F802800236B9E748
S31502008DF001230693CBE701230693C8E701230693D3
S31502008E00C5E7DDF824C0069B002B18BF4FF0000C07
S31502008E108CE64FF0110C89E64FF0050C86E64FF012
S31502008E20180C83E64FF0180C80E64FF0180C7DE61E
S31502008E304FF0050C7AE64FF0050C77E64FF0050C7D
S31502008E4074E64FF0050C71E64FF0050C6EE64FF036
S31502008E50050C6BE6049B2BB14FF0050C66E6049BF2
S31502008E60002BF4D1079B4B45D3D306993846FFF71F
S31502008E704FFC8388002BCFD02E4A127802EA430297
S31502008E8012F00E0F7FF456AE13F0070F14BF4FF019
S31502008E901A0C4FF0060C49E6E9B23846FFF738FCE1
S31502008EA004468288234B1B7803EA4203CDF80C80E2
S31502008EB013F00E0F3FF44FAFA94506D0049B002BCB
S31502008EC03FF465AFA9453FF662AF002D3FF467AEAA
S31502008ED0039BC3F30F120BEB42012388B3F5E06F3A
S31502008EE0FFF46EAE6388082B3FF661AE2F339BB25A
S31502008EF01E3B9BB2012000FA03F300F17F7000F5DE
S31502008F000040184000287FF4C8AE0B4818400028DD
S31502008F107FF4EAAE0949194000293FF47FAE039B6C
S31502008F2013F00F0F84D13BF8123026F8023B0123CF
S31502008F3006932CE73184012204000200020001009C
S31502008F402DE9F04F8BB00590894614461E46DDF892
S31502008F5050809DF854300493B389C3F303220892D8
S31502008F60D9B20691072A00F09D82B36993F800B040
S31502008F70BBF1000F40F08582A0F5E052103A92B2A2
S31502008F801F2A40F27C82A0F5B05292B2B2F5007F5F
S31502008F90C0F08282A0F5D05292B2B2F5007FC0F044
S31502008FA07E824FF23002904208BF8B4669E2B9F1E7
S31502008FB0000F36D0CB46059BA3F5E052103A92B28B
S31502008FC01F2A11D9A3F5B05292B2B2F5007F0BD384
S31502008FD0A3F5D05292B2B2F5007F05D34FF230021A
S31502008FE0934201D0002304E0B2691278131E18BF1F
S31502008FF00123356AC5B1049E009643462246494678
S31502009000059C2046A8470390002840F068829B4BA7
S315020090101B68002B00F06382324649462046984779
S315020090205DE2CB464B46E4E7002C00F0D581CB450A
S31502009030C0F0D5814C46072203920022079209937B
S3150200904040E1102B00F08581202B00F0D1801823FF
S31502009050039344E21B2B2FD8082B18D9093B122B5A
S3150200906000F2C381DFE813F0FA0030003000C101DC
S31502009070C101C101C101C101E300C101C101C101B7
S31502009080E300C101C101C101C101C101E3008BB30A
S31502009090012202FA03F313F4C87F40F0A98013F009
S315020090A0260F3BD113F0480F40F053811823039348
S315020090B015E21823039312E2372B15D9A3F5187379
S315020090C09BB2032B00F2948110F00F0F40F0AE8199
S315020090D06A880732D2104146504604F07DF86B8802
S315020090E01B0908EB4308BCE11D2B00F21B81182368
S315020090F00393F4E1049B002B00F07D816B8813F04F
S315020091000F0F06D0184408F1020210F00F0F08BF25
S315020091109046C3F3031308EB4308A2E16A88584B4F
S3150200912033F8122000F00F0C02FA0CF1BAF80030F4
S3150200913023EA01031BB20793049B83B1B8F800200C
S315020091401140079B0B439BB2AAF800306B8803447D
S3150200915008F1020213F00F0F08BF904681E1B8F83A
S31502009160001031EA020E40F049810A4002FA0CF27E
S31502009170079B13439BB2E7E7059BA3F5E153123B1B
S315020091809BB2012B03D8012C07D0082C16D0079BC3
S31502009190AAF8003008F1020863E1BAF80030079A2B
S315020091A0934207D011460598FFF7F8FB0390002873
S315020091B040F09581334B01221A70E8E7324A0023C8
S315020091C05361324911615360314A536111615360EF
S315020091D0079B13F0020FDAD02B4A0023538513851F
S315020091E082F840302A4A5385138582F84030CEE70A
S315020091F010F00F0F40F00B81099B6BB1BAF80020FB
S31502009200B8F800309A4240F00581BAF80220B8F860
S3150200921002309A4240F00181B8F80030AAF80030D4
S31502009220B8F80230AAF8023008F1040819E110F081
S315020092300F0F40F0F580B8F80030AAF80030B8F801
S315020092400230AAF80230B8F80430AAF80430B8F8A6
S315020092500630AAF8063008F1080802E110F00F0FEE
S3150200926040F0E1806A880732D2104146504603F048
S31502009270B3FF6B881B0908EB4308F2E0DC8301228B
S31502009280409400227E8501223885012220A1070012
S31502009290F4840122002C00F085806B8813F00F0FF6
S315020092A006D0184408F1020210F00F0F08BF9046CC
S315020092B01B0908EB430818230393631C9BB2A345BF
S315020092C075D01C46D6F818A0E7B239463046FFF7E5
S315020092D01FFA054631463846FFF7B6FAAA88824B88
S315020092E01B7803EA920313F00E0FD3D0002C00F082
S315020092F0A680C0F30F130AEB430AA14507D0049BCD
S31502009300002BDAD0A145D8D8002C00F09C802B88FF
S31502009310B3F5E06FFFF49EAE6B88082B3FF691AE75
S315020093202F339BB21E3B9BB2012202FA03F302F1D8
S315020093307F7202F500421A40002A7FF4EFAE6B4AB2
S315020093401A40002A7FF454AF694A1A40002A3FF4B1
S31502009350B0AE10F00F0F54D1B8F800200792099B57
S315020093601BB1BAF8003093424ED1059BA3F5E053E8
S31502009370103B9BB21F2B3FF6FFAE079AA2F5B053E6
S315020093809BB2B3F5007FFFF402AFA2F5D0539BB2B6
S31502009390B3F5007FFFF4FBAE002A3FF4F8AE1223CA
S315020093A003939CE008F102081823039385E7079BC1
S315020093B0002B00F094804F4B1B68002B39D0049A87
S315020093C04946059898470023039388E0112303939F
S315020093D085E01A23039382E0002303937FE00723A9
S315020093E003937CE01323039379E01823039376E037
S315020093F01823039373E01823039370E01223039355
S315020094006DE0052303936AE01C23039367E00523BB
S31502009410039364E01C23039361E01C2303935EE041
S31502009420052303935BE00523039358E00523039387
S3150200943055E00023039352E0052303934FE0B9F16D
S31502009440000F7FF43AAF089B072B3FF460AFB8F8E2
S315020094500030DAB206999142C4D3AAF8003008F174
S315020094600208AB880122079213F4807F3FF425AFEE
S3150200947031463846FBF7DCFF012307931DE7DDF88B
S3150200948018B0049B9BB1B9F1000F7FF494AD0CB1F7
S3150200949098F800B04B46ACE5DDF818B0F1E7DDF818
S315020094A018B0EEE7049B002BC6D14FF0000BD9454E
S315020094B08CD849463046FFF72BF982880A4B1B782F
S315020094C003EA920313F00E0F7FF471AD12F0380F18
S315020094D07FF47FAF002A14BF072305230393039863
S315020094E00BB0BDE8F08F00BF3184012204000200F8
S315020094F002000100DC83012210B5039C60294DD0D5
S31502009500A9B34FF0000C84F808C0002848D1E088BF
S31502009510C0F30B0040F44050E080402920D102996C
S31502009520013903290DD80A23237084F801C0029B4E
S31502009530DBB2C3F1040342EA830343F0430323721B
S3150200954040E002998B4228BF029B0A339BB22380DA
S31502009550029BA3811B0CE38142F04102227231E09D
S315020095600A23237000236370602323722AE0B8B9AA
S31502009570E388C3F30B0343F44053E3800A232370C7
S3150200958000236370237A43F0200323721AE0E388F0
S31502009590C3F30B0343F44053E38013E00028F6D0F1
S315020095A00A23237000236370E388C3F30B0343F497
S315020095B00053E380237A63F07F032372054B53F84B
S315020095C02030E36002212046FEF780FE08B1024BFE
S315020095D01C6010BD60940022FC8301222DE9F04F2D
S315020095E089B0077A924B1E78002E40F0F382044629
S315020095F007F0E005B0F800A007F01009402D03D0EF
S315020096001BD8002D00F02983A37A94F8098008EB71
S3150200961003281FFA88F894F80BB04046FEF77EFF3F
S315020096200590002800F0DE82037B9B451BD90023B0
S31502009630049303934FF0110A07E0602D00F018839C
S315020096400023049303934FF0030A0194039B0093B0
S31502009650BDF810304A4629465046FFF74DFF3046C0
S3150200966009B0BDE8F08F4B46024659464046FEF722
S3150200967063FF0390402D51D017F0020F00F0AD802A
S31502009680BAF10A0F40F0AA82C7F38103C3F10403B9
S31502009690049304F10C030793B9F1000F40F0BC8068
S315020096A0B9F1000318BF01230693039B43B9614B2B
S315020096B0A3F80080604B83F800B0604B059A1A60ED
S315020096C0402D00F01A81069B0193079B0093059B90
S315020096D0049A59464046FFF733FC8246FF28B4D126
S315020096E00123574A1370574A06991170564A82F84F
S315020096F000B0564AA2F80080554A04991160554AAC
S3150200970007991160059A116A534A1160484A137003
S31502009710524B1C6027F00F072772A0E7BAF10A0F17
S3150200972040F05A82431E032B4AD804F10C030793D6
S315020097300023A381E38133460490B9F1000F6CD173
S31502009740B9F1000118BF01210691002BADD001230A
S31502009750434A1370434A1370434B1970354BA3F8AF
S315020097600080354B83F800B0344B059A1A60402DC1
S31502009770049B039A18BF1A463C4B1A603C4B186866
S3150200978008B103F039FD394B1868013020F00100A9
S3150200979003F03EFD364B1860002844D0402D71D0B0
S315020097A0AAF10A0304931A4604F1100103F014FD08
S315020097B0304B00221A70B2462F4B049A1A6044E7C5
S315020097C02E4B1B88103B0493039A9A4200F2418265
S315020097D004F1100307933346AFE7E289A38903EB4B
S315020097E002420492264B1B8810329A420ED9063B3D
S315020097F09A4540F0F58104F110030793AAF10A0392
S31502009800049A93422CBF0023012396E7049B0A3352
S315020098109A45F0D0082622E73346BBF1010F8FD9CD
S315020098204FF0050A11E7069B03F1040A0DE700BF94
S315020098309785012292850122908501228085012247
S31502009840C8850122C7850122C6850122C485012257
S31502009850C0850122BC850122B88501229885012294
S31502009860958501228885012294850122848501221B
S31502009870A4850122968501228C850122EE8401228D
S31502009880EC840122069B01930090059B039A59469C
S315020098904046FFF719F9824620B3FF288CD19D4B2B
S315020098A004221A709C4B069A1A709C4B83F800B0DD
S315020098B09B4BA3F800809B4B039A1A609A4B1A683B
S315020098C09A4B1A60059BDA69994B1A60994B0122E9
S315020098D01A70994B1C6027F00F072772974B60226C
S315020098E01A70BCE6049A904B196804F1100003F052
S315020098F073FC924B60221A705EE7069B0193079BEC
S315020099000093059B039A59464046FFF7DDF88246C7
S31502009910FF287FF49AAE7F4B03221A707E4B069A7B
S315020099201A707E4B83F800B07D4BA3F800807D4B06
S31502009930039A1A607D4B079A1A60059BDA697C4B7B
S315020099401A607C4B01221A707B4B1C6027F00F07B2
S31502009950277284E67A4B1B784B4500F0B380794B2D
S315020099601B88774A82F800906F4A1068002800F038
S31502009970BE80093B9BB2744AD2F800C0734A126891
S31502009980A2EB0C0217F0010F18D09A4200F2B28035
S31502009990AAF1030A524500F2B0806FEA670303F0A8
S315020099A007039A4205D0072A40F2AA80524540F0A0
S315020099B0AA80674B00211970174606E06449012701
S315020099C00F701F469A4240F2A1803A4604F10901FD
S315020099D0604403F001FC5E4B93F80080B8F1000F7F
S315020099E01DD00A23237000236370E388C3F30B039D
S315020099F043F44053E380524B1B78002B0CBF2023C9
S31502009A0030232372524B1B78012B52D000234E4A2D
S31502009A1013604A4A1370AA460493039315E64D4B04
S31502009A201B780193404B1B6800934B4B1B68474ABC
S31502009A3012684A4909784A480088FFF781FA82463D
S31502009A40FF280CD0DFF8E080D8F8000003F0D4FB42
S31502009A500023C8F80030BAF1000FC2D034E02D4B13
S31502009A6002221A703B4B1A782B4B1A703B4B1A7810
S31502009A702A4B1A703A4B1A88294B1A80334B1A68AA
S31502009A80284B1A60284B1A68284B1A60324B1B68FF
S31502009A901A6A274B1A60274B01221A70264B1C6042
S31502009AA000232B4A1370254A1370274A1360464631
S31502009AB0D5E5254A13683B441360AA46002304935E
S31502009AC00393C2E54FF0010A0023214A13701B4A91
S31502009AD01370154B186820B103F08EFB124B00224F
S31502009AE01A600023184A136004930393ADE54FF0FE
S31502009AF0030AE9E74FF00E0AE6E74FF00E0AE3E73C
S31502009B004FF00E0AE0E74FF00E0ADDE74FF00E0ABD
S31502009B10DAE700BFC8850122C7850122C685012270
S31502009B20C4850122C0850122A4850122BC850122A9
S31502009B30B885012297850122988501229685012200
S31502009B4088850122EC8401228C85012284850122EA
S31502009B509585012294850122808501229085012224
S31502009B6092850122484B1B784B4541D0474B1A88B8
S31502009B70093A92B2444B83F800901746444B1B684D
S31502009B8044490968D018884238D9CF1A424A002176
S31502009B901170424A11683A46194404F1090003F069
S31502009BA01BFBE388C3F30B0343F4405349F0010262
S31502009BB0B24635E0FB1C23803FE0384F386803F09D
S31502009BC01BFB00233B60324A1360354A1370049331
S31502009BD003933AE5092642E5082640E508263EE5CE
S31502009BE008263CE50023049303934FF0080A2CE56C
S31502009BF00023049303934FF0010A26E54FF0010A6E
S31502009C00254981F800A025490968194404F109008B
S31502009C1003F0E2FAE388C3F30B0343F440534A46E4
S31502009C20E3802272062FC5D80A23237000236370AD
S31502009C30C7F1070342EA43022272BAF1010FBCD10D
S31502009C40134A13683B441360B246002304930393FA
S31502009C50FBE40123002207926FE5114B1B78AB420E
S31502009C603FF478AE0023049303934FF0030AECE427
S31502009C700B4B1B78AB423FF475AF0023049303935F
S31502009C804FF0030AE1E400BF88850122EE84012237
S31502009C908C8501228485012295850122A4850122D3
S31502009CA0968501222B4B1B78002B51D02DE9E047DC
S31502009CB083B006460D461146274BD3F8009099F815
S31502009CC0082002F0E00A02F01008BAF1400F0FD0A5
S31502009CD00027204B00221A70CDF8049000953B46CF
S31502009CE0424651463046FFF707FC03B0BDE8E0871F
S31502009CF01A4B1F88103FBFB2AF420AD36B1E032B0B
S31502009D001ED809F10C008842E3D02A4603F064FA11
S31502009D10DFE70123124A1370124A1370124B83F8BB
S31502009D200080124B1D60124B60221A70114B196093
S31502009D303A4609F1100003F04FFA0F4B1F60C8E7CD
S31502009D4009F110008842C4D02A4603F045FAC0E75A
S31502009D50704700BF9785012298850122EE84012271
S31502009D609585012288850122948501228485012216
S31502009D7096850122A48501228C85012208B51A4BFB
S31502009D801B78012B1ED00023184A1370184A137031
S31502009D90184A1380184A1370184A1360184A136037
S31502009DA0184A1360104A1370174B186820B103F053
S31502009DB023FA154B00221A600023144A1360144A30
S31502009DC0137008BD134B18680028DCD0124B1B68B1
S31502009DD09842D8D0114B1B689842D4D003F00CFAA3
S31502009DE00C4B00221A60CEE797850122C885012214
S31502009DF0C7850122C4850122C6850122C0850122AA
S31502009E00BC850122B8850122A48501228C85012206
S31502009E109685012298850122D8840122D4840122C2
S31502009E20F0B585B0044600238DF80F30058905F09C
S31502009E307F05052D22D00388072B40F23781012D9D
S31502009E402BD18389052B00F233819B4D0068616813
S31502009E50A26807C5A2892A8013F0FF0342D1002512
S31502009E60964B1D8004F10C06E8B2FEF762FC26F85A
S31502009E70020F0135052DF7D1122057E00388092B71
S31502009E8040F21281A38998B2ADF80C30B0F5805F2A
S31502009E907FD205238DF80F3003E005BB03238DF82F
S31502009EA00F309DF80F1000220A2323706270238957
S31502009EB023F07F0343F007032381A272E272804BF1
S31502009EC053F82130E3607D4B1A8002212046FEF7CB
S31502009ED0FDF910B17B4B1C60002005B0F0BD032DCF
S31502009EE0DCD1CFE7013BDDB2744B1E88002E35D0A4
S31502009EF0754B1A880C3A92B204F10C03734909881D
S31502009F00ADF80C10013EB6B26C490E800DF10F0190
S31502009F10009103A92846FEF739FC6C4BBDF80C20CC
S31502009F201A80694B1B88063B181A80B220809DF85E
S31502009F300F30002BB5D1238923F07F0242F00202B3
S31502009F4022815E4A12886281002A00F0B38023F0E1
S31502009F50FF0343F0820323818221B7E72846FEF7F7
S31502009F60E8FB4FF48053ADF80C30574B1988A1F13A
S31502009F700E0292B204F10E034700B2EB400FC3DAAF
S31502009F800C3989B2B81A4E1E304490FBF1F18EB2EA
S31502009F90BAE7FEF7C3FA0646002800F08180032DD1
S31502009FA00BD0E789FFB2FEF74DFC4388DBB29F4236
S31502009FB034D911238DF80F3073E7FEF743FC03689B
S31502009FC0C4F80E30002332461946BDF80C00FEF7DF
S31502009FD03FFB00F10C039BB23B4A1288063A9342BE
S31502009FE010D90C239DF80F20002A7FF45AAFA272D3
S31502009FF0E2722380238923F07F0301351D432581E5
S3150200A000022163E704F1120332460021BDF80C0077
S3150200A010FEF71EFB00F10C039BB2E3E7394630461E
S3150200A020FEF776FB036823618388A382E389DBB2AA
S3150200A030E3813046FEF706FC4388C3F30323083B5D
S3150200A0409BB2012B0FD877B9214B186859689A68C9
S3150200A050C4F81600C4F81A10C4F81E201B7B84F834
S3150200A06022301C23BEE7002332463946BDF80C00D7
S3150200A070FEF7EEFA00F110039BB2134A1288063A73
S3150200A080934201D91023ADE704F11603324639464D
S3150200A090BDF80C00FEF7DCFA00F110039BB2A1E753
S3150200A0A008238DF80F30FCE6062016E7062014E793
S3150200A0B002210BE7022109E7A8850122A2850122D6
S3150200A0C060940022FC830122EE840122A0850122F3
S3150200A0D004A8002270470020704700207047002025
S3150200A0E0704700207047002070470020704700002C
S3150200A0F02DE9F04F85B007460E46424B1D889DB3AB
S3150200A1009A464FF000094D469B460190029107E0A0
S3150200A11009F10109BBF800201FFA89F39A421ED9F8
S3150200A1203AF8020FFEF7FAF90646002853D0836979
S3150200A130B3F80080B8F1000FEAD00124B7693146BE
S3150200A140E0B2FEF781FBC0F30E1017F810302B4475
S3150200A1509DB223460134A4B29845EFD1D8E7019FB8
S3150200A160029E0735C5F3CF05274B188800283FD036
S3150200A17099464FF00008C3469A4601950297039600
S3150200A18007E008F10108BAF800201FFA88F39A429C
S3150200A1901CD939F8020FFEF7C1F9054650B3836997
S3150200A1A01E88002EEDD00124AF692946E0B2FEF7E3
S3150200A1B04BFBC0F30E1017F810305B441FFA83FBFB
S3150200A1C023460134A4B2B342EED1DAE7019D029FDF
S3150200A1D0039E002004E0019F029E0025AB46252037
S3150200A1E00BF10703DB103B80358005B0BDE8F08F2D
S3150200A1F08346F5E7019D029F039E4FF0000B242044
S3150200A200EEE700BFF8980022F098002230B5164B10
S3150200A21003F1040E41F6FF35144C4FF6F51C1449B2
S3150200A22008E0134A12881AB1CA88B2F5C04F14D090
S3150200A2309E4517D033F8022FB2F5D05FF1D0AA426D
S3150200A240F6D10A4A1288002AF2D0E2886245EFD194
S3150200A250084A927800F8012BEAE7074A126840F8A2
S3150200A260042BE5E730BD00BFF0980022309B0022A8
S3150200A2700099002294990022D06F01222DE9F04123
S3150200A280184B1E1D184AD488184AB2F806C041F265
S3150200A290016541F2FF774FF6F51E47F2100106E01F
S3150200A2A0124A12880AB18C4513D09E4217D033F84F
S3150200A2B0022FAA42F4D0BA42F7D10B4A1288002AD8
S3150200A2C0F3D07445F1D110F8018B094A82F8028065
S3150200A2D0EBE750F8048B074AC2F80080E5E7BDE8D1
S3150200A2E0F08100BFF8980022389B002208990022CC
S3150200A2F094990022CC6F0122F8B50446214B5E6880
S3150200A300EFF31082012383F310881F4B1B6823B9D6
S3150200A3101E4B00211975402119751B4F3B680133ED
S3150200A3203B6082F310881A4B1D6804F001023188E3
S3150200A330284601F015F9C4F34002B188284601F017
S3150200A3400FF9C4F380023189284601F009F9C4F3F2
S3150200A350C002B189284601F003F9EFF31083012206
S3150200A36082F310883A6812B13A68013A3A60064AAC
S3150200A370126822B9054A002111758021117583F3ED
S3150200A3801088F8BD54980022E8860122000D40404C
S3150200A3908818010270B582B02A4B5E68EFF310810D
S3150200A3A0012383F31088284B1B6823B9274B00220D
S3150200A3B01A7540221A75244A13680133136081F311
S3150200A3C01088234B1D6801AA3188284601F0A2F89D
S3150200A3D00DF10502B188284601F09CF89DF804406B
S3150200A3E0B4FA84F464099DF80520234644F0020475
S3150200A3F0002A18BF1C460DF106023189284601F0D3
S3150200A40089F89DF80620234644F00404002A18BF62
S3150200A4101C46EFF31083012282F310880A4A12685F
S3150200A4201AB109490A68013A0A60074A126822B94A
S3150200A430064A002111758021117583F31088204682
S3150200A44002B070BD4C980022E8860122000D404001
S3150200A4508818010208B5FFF79DFF00F00F00034BB5
S3150200A4601860034B1888FFF747FF08BDD06F01221B
S3150200A470CC6F012208B5FFF78DFF08BD70B5254DDB
S3150200A4804FF4FB262E601F292BD8048844F245314F
S3150200A4908C4229D1448845F241418C4227D1848895
S3150200A4A045F246718C4225D1C48845F25F218C4221
S3150200A4B023D1048943F641018C4221D1408943F2DA
S3150200A4C0542188421FD10ABBB34228BF33461C46D9
S3150200A4D01149124B19602246049802F07DFEA0B281
S3150200A4E004E048F2030001E048F2030070BD48F2BE
S3150200A4F00300FBE748F20300F8E748F20300F5E73A
S3150200A50048F20300F2E748F20300EFE748F20A00D6
S3150200A510ECE700BFD86F012200500002D46F01227F
S3150200A52010B58446094B1C68844201D2002010BD36
S3150200A5301046A4EB0C048C4228BF0C46044B196847
S3150200A5402246614402F048FEA0B2F0E7D86F01222B
S3150200A550D46F012238B5114B1B7863B91546104BDF
S3150200A5601B68CC18B4F5C07F15D839B96DB10C4B40
S3150200A5701C60002038BDFAF7C3FDFBE70A46014618
S3150200A5800848184402F028FEF0E7074B1C6000203A
S3150200A590034B1860EEE748F20300EBE767840122FB
S3150200A5A07C710122DC6F0122D86F012238B5034685
S3150200A5B00C460F2944D9008844F24531884207D017
S3150200A5C0284A1278B2BB48F203001F2C3CD938BD88
S3150200A5D0588845F241418842F2D1988845F246713F
S3150200A5E08842EDD1D88845F25F218842E8D11889A0
S3150200A5F043F641018842E3D1588943F25421884205
S3150200A600DED1988944F25F218842D9D1D88943F2B2
S3150200A61030118842D4D1134B1B7843B112B148F2A0
S3150200A6200A00D4E70020FAF75FFD0020CFE748F2E0
S3150200A6300800CCE748F20900C9E748F20900C6E774
S3150200A640084A1278002AF8D1074D224619462846AA
S3150200A65002F0C2FD00202855044B1860044B186016
S3150200A660B5E700BF678401225C7101227C71012279
S3150200A670D86F012230B58FB0104C80222146104887
S3150200A68001F0CEFE21464FF480630A68B2F1FF3F25
S3150200A69003D10431013BF8D10DE001AC094D0FCDD8
S3150200A6A00FC40FCD0FC40FCD0FC42B68236001A9B1
S3150200A6B0054802F0C5FD0FB030BD00BF00400002E4
S3150200A6C038860122E0940022D894002200207047A6
S3150200A6D0044B188845F25553984214BF00200120B6
S3150200A6E0704700BF0040000210B59AB055238DF89E
S3150200A6F064308DF865300223164A19A9164801F00E
S3150200A70043FE78B9134B1A8845F255539A421FD025
S3150200A7106022124901A802F05FFD01A9104802F069
S3150200A7208FFD15E00DF1040C0E4C0FCCACE80F00BA
S3150200A7300FCCACE80F000FCCACE80F0094E8030096
S3150200A7404CF8040BACF8001001A9054802F078FD9C
S3150200A7501AB010BD0040000238860122149500226C
S3150200A760D8940022749500227047000070B590B00C
S3150200A77000238DF83F30002A4BD0144601F1807336
S3150200A78003F500535B0003F17E42A2F58042B2F567
S3150200A790805F13D8851E4FF0000E274EA4EB0E0CD9
S3150200A7A01A8825F8022F0EF1010EBCF1010C19D000
S3150200A7B01A4602333244B2F5805FF1D901AC1F4D1D
S3150200A7C00FCD0FC40FCD0FC40FCD0FC495E80700F0
S3150200A7D003C424F8022B120C227001A9184802F0B5
S3150200A7E02FFD18E00246C0EB4101012001F1007184
S3150200A7F001F5804104FA00F3023BC34003448D187D
S3150200A80032F8024B2D88A54218BF0020013BF6D133
S3150200A81018B19DF83F3010B070BD01AC094D0FCD97
S3150200A8200FC40FCD0FC40FCD0FC42B68238001A90F
S3150200A830034802F005FDECE702C0FFFDAC950022DD
S3150200A840D8940022E895002230B58BB007281BD990
S3150200A8500F282BD9172836D91F2841D927284CD992
S3150200A8602F2857D9372862D93F2801AC94BF364DD5
S3150200A870364D0FCD0FC40FCD0FC42B68238001A90F
S3150200A880334802F0DDFC0FE00DF1040C314C0FCC25
S3150200A890ACE80F000FCCACE80F002368ACF8003030
S3150200A8A001A92B4802F0CCFC0BB030BD01AC2A4DFD
S3150200A8B00FCD0FC40FCD0FC42B68238001A92448E6
S3150200A8C002F0BEFCF0E701AC244D0FCD0FC40FCD54
S3150200A8D00FC42B68238001A91D4802F0B1FCE3E7EF
S3150200A8E001AC1F4D0FCD0FC40FCD0FC42B682380B3
S3150200A8F001A9174802F0A4FCD6E701AC194D0FCD09
S3150200A9000FC40FCD0FC42B68238001A9104802F093
S3150200A91097FCC9E701AC144D0FCD0FC40FCD0FC480
S3150200A9202B68238001A90A4802F08AFCBCE701AC25
S3150200A9300E4D0FCD0FC40FCD0FC42B68238001A976
S3150200A940034802F07DFCAFE71C96002240960022E7
S3150200A950D89400226496002288960022AC960022A1
S3150200A960D0960022F4960022189700223C970022E5
S3150200A9702DE9F04393B006460C46154600238DF8A2
S3150200A98047303E4B1F1DC3F1007C0CF5804C4FF443
S3150200A990806E4EF001E05CF8032043F8042F0FF0BE
S3150200A9A007C0DFF8F88080224146354801F038FDBD
S3150200A9B043464FF480621968B1F1FF3F3DD104333B
S3150200A9C0013AF8D195B12F4B03EB46034FEA450EF8
S3150200A9D0AEF1020E4FEA5E0E0EF1010E4EF001E0EE
S3150200A9E034F8022B23F8022B0FF007C00024DFF8FD
S3150200A9F09490DFF88C8020252B4604F1007202F534
S3150200AA00804209EB0401404601F0BEFC10BB203433
S3150200AA10B4F5805FF0D13A461B49C91B4FF4006377
S3150200AA2032F8020B8C5A84421ED1013BF8D13046D1
S3150200AA30FFF70AFF9DF8473008E0432213496846AC
S3150200AA4002F0CAFB6946124802F0FAFB002013B074
S3150200AA50BDE8F08343220F49684602F0BDFB694612
S3150200AA600B4802F0EDFBF1E747220B49684602F07C
S3150200AA70B3FB6946064802F0E3FBE7E77C71012275
S3150200AA803886012280710122FE3F00026097002271
S3150200AA90D8940022A4970022E897002200400002E0
S3150200AAA02DE9F04F89B0844689461E469DF8483006
S3150200AAB00293AA4BD3F800804FF6FF721146434623
S3150200AAC01889604500F050815B68013A92B20139FB
S3150200AAD0F6D1082304931BE1ECB241462046FDF76A
S3150200AAE0B3FE009021464046FDF712FE04468288D8
S3150200AAF09BF8003003EA420313F00E0F42D1009B8B
S3150200AB0013F00F0F00F0F080638813F00F0F07D0D9
S3150200AB10009A134413F00F0F02D1002373800236FA
S3150200AB20638813F0F00F09D03B4626F8027F013303
S3150200AB30DBB26288C2F303129342F6DBA38813F0F8
S3150200AB40070F14BF1A23062304936B1C9BB2019AA8
S3150200AB50954200F0D1801D46D8F818A01DB1039B7E
S3150200AB60B3F5805FB8D2E9B24046FDF7D1FD04469F
S3150200AB7082889BF8003003EA4203009713F00E0F17
S3150200AB8000F0B280A94504D0029B002BDDD0A94576
S3150200AB90DBD825B32388B3F5E06F80F0B780009841
S3150200ABA0C0F30F120AEB4201052B38D00A2B1DD136
S3150200ABB0009B13F00F0F58D162880732D21030462D
S3150200ABC002F00AFB63881A0906EB420613F00F0F1E
S3150200ABD000F08F803378338001230593B5E7079B16
S3150200ABE0072BD7D0069B26F8023BAEE7002B40F098
S3150200ABF09380029B002B00F09280638813F00F0F64
S3150200AC0006D001461944B21C11F00F0F08BF1646B2
S3150200AC10C3F3031306EB43060123059395E7009B53
S3150200AC2003F00F0160884E4B33F810308B401FFA49
S3150200AC3083FC3AF8120009B9002232803288029B5C
S3150200AC406BB10CEA0003134333806388009A1A44FB
S3150200AC5012F00F0F4AD102360123059375E70CEA6B
S3150200AC6000030B4113439BB2EEE73AF81230B246A9
S3150200AC702AF8023B01F1020C60880730C008431E25
S3150200AC809BB2022B28D9041FC4F34E0404F1020E10
S3150200AC9006EB4E0E62465346AEEB0A0EAEF1020EBE
S3150200ACA04FEA5E0E0EF1010E4EF001E032F8021B83
S3150200ACB023F8021B0FF007C0631C0AEB43060CEBDA
S3150200ACC0430CC4EBC434C31E03EB44039BB2012BF7
S3150200ACD004D00123059338E75646F8E79CF800307E
S3150200ACE033800123059330E737800DE7012305936F
S3150200ACF02BE70123059328E7059B002B049B18BF2E
S3150200AD000023049304E00023049301E01823049330
S3150200AD10049809B0BDE8F08F18230493F8E71823C6
S3150200AD200493F5E705230493F2E7029A002AF9D180
S3150200AD30CDF804904D46002204920592DFF824B025
S3150200AD4017460793CDF80CC006E7029A002AEFD001
S3150200AD5005230493DCE7019A0692E9E7A081012222
S3150200AD60409400223184012298469A89C2F3032331
S3150200AD70D2B20692072BD8D0BCF5805FE5D3D8F8BD
S3150200AD8018201278019202990029E4D09145BAD886
S3150200AD900692CFE7BFF34F8F0549CA6802F4E06215
S3150200ADA0044B1343CB60BFF34F8F00BFFDE700BFD9
S3150200ADB000ED00E00400FA0510B588B09DF82820E1
S3150200ADC042BB49B30239C9B2012927D9B3F800C037
S3150200ADD0104646F274518C4501D008B010BDB3F846
S3150200ADE002C046F273518C45F7D19B88722BF4D17F
S3150200ADF00DF1040C0A4C0FCCACE80F0094E80700E6
S3150200AE00ACE80300ACF8002001A9064802F018FAE3
S3150200AE10FFF7C0FF0520E0E70720DEE70720DCE7B3
S3150200AE2030980022D89400229DF8000030B939B13A
S3150200AE300239C9B2022938BF072070470520704778
S3150200AE400720704703463038C0B2092810D803F0ED
S3150200AE500F030120A1F1300C5FFA8CFCBCF1090F43
S3150200AE6019D801F00F0158B341EA03111170704766
S3150200AE70A3F14100C0B2052803D8373BDBB201205B
S3150200AE80E8E7A3F16100C0B205289DBF573BDBB2DC
S3150200AE9001200020DEE7A1F1410C5FFA8CFCBCF137
S3150200AEA0050F02D83739C9B2DDE7A1F1610C5FFAA5
S3150200AEB08CFCBCF1050F02D85739C9B2D3E7002082
S3150200AEC070470000F8B52A4C002565604FF4807281
S3150200AED0FF2104F1080002F0A7F904F58876C4F808
S3150200AEE00861C4F81051C4F814514FF48072FF215E
S3150200AEF004F58C7002F098F9C4F81C42C4F81842A2
S3150200AF00C4F80C611B4B1C601B4B1D6025601B4C5F
S3150200AF1004F596672E460AE002F06EF945F80C6CC7
S3150200AF2005F8076C45F8045C1434BC4212D0254679
S3150200AF3004F8086C04F8136C04F8146C54F8100C3A
S3150200AF4018B102F059F944F8106C55F80C0C0028A7
S3150200AF50E2D1E5E70A4BC3F8AC340A4A13600A4A5F
S3150200AF6013600023094A1370094A1370F8BD00BF23
S3150200AF70EC6801220C6B0122E4680122246B012297
S3150200AF80106B0122C46F0122C06F0122E868012200
S3150200AF90E168012200B5084B00224FF03C0E4EF04C
S3150200AFA001E043F8102C43F80C2C43F8043C14330C
S3150200AFB00FF009C85DF804FB246B01222DE9F0416C
S3150200AFC082B0924B1D686B7B012B00F00381064613
S3150200AFD08F4B1B78002B40F0FF808E4B1C78072C82
S3150200AFE000F2FF80DFE814F00800170025002E00AB
S3150200AFF07100A600CE00D500532808D00A2800F01A
S3150200B000EC80B0F10D0418BF0124A400E5E0814BE9
S3150200B01001221A70E1E005F10C0201463020FFF729
S3150200B02011FF002800F0DF807A4B02221A700024FA
S3150200B030D3E0794B18700024784B1C60754B0322C1
S3150200B0401A70CAE00DF107020146734B1878FFF732
S3150200B050F9FE002800F0C9802A7B092A00F2C7807F
S3150200B0600123934040F20322134207D113F0880FC3
S3150200B07006D113F4827F04D10424AEE0022400E058
S3150200B08004242C70204602F0C3F8064668600028A5
S3150200B09000F0AF809DF807707B1E1B1BD8B268704C
S3150200B0A060B95F4B1E605D4A13683B44136000241F
S3150200B0B05C4B1C60574B04221A708EE002F0A8F813
S3150200B0C0A8600028EDD10A2487E0564B1F6817F0C6
S3150200B0D0010F16D10137534B1F604F4B1E702B7851
S3150200B0E0B7EB430FC0F087804E4B00221A60AA6866
S3150200B0F04B4B1A606C78CCB1464B05221A70002471
S3150200B1006BE0474BD3F8008042460146424B187823
S3150200B110FFF798FE002860D04049424612F8013BEC
S3150200B120086803440B603E4B1A60D3E7394B06228C
S3150200B1301A7052E03B4B1C6814F0010F0FD1013418
S3150200B140384B1C60344B1E706B78B4EB430F56D3EE
S3150200B1500024344B1C602F4B06221A703DE0304B04
S3150200B1601F683A4601462C4B1878FFF76BFE0028FB
S3150200B17043D02A4917F8013B086803440B60284B61
S3150200B1801F60DCE7244B1870224B07221A7000243A
S3150200B19023E00DF1060201461F4B1878FFF752FE17
S3150200B1A078B31E4B1B68DB439DF80620DBB29A423E
S3150200B1B029D101236B732B7B073BDBB2022B02D80F
S3150200B1C0134B01221A702A69104B1A600024114B84
S3150200B1D01C7002E0052400E00024204602B0BDE80F
S3150200B1E0F0810024F9E70424F7E70424F5E70424B0
S3150200B1F0F3E70A24F1E70024EFE70424EDE700244D
S3150200B200EBE70424E9E70424E7E700BFC46F012261
S3150200B210E1680122E8680122E0680122DC68012275
S3150200B220D8680122D46801222DE9F84307465A4B11
S3150200B2301D68D5F80C01002343604FF48072FF218C
S3150200B240083001F0F1FF6868FF2810D8534E4FF41A
S3150200B2508079DFF850813AE0514B1B78002B00F0E1
S3150200B2609780002800F096804FF480736B6005F19A
S3150200B27008033B602B687B606B68BB60D5F80821CE
S3150200B280454B1A6047490B6803F580730B601360E0
S3150200B2900020BDE8F88300232FE02A689A1A6A6024
S3150200B2A0FF2A33D94FF480736B60E0E7104468607D
S3150200B2B0606801F0A1FFA06801F09EFF00236360B1
S3150200B2C0A3606373236933606868FF28CFD8346844
S3150200B2D0637B002BC0D0237B013BDBB2022BE7D87A
S3150200B2E0626821780029D6D0002341F001E012F8E5
S3150200B2F0011B41EA03230FF007C00028CDD123F03A
S3150200B300FF02C8F800202A60DAB26A60C2F5807CC1
S3150200B3106078604514D8D4F808E00028C6D00EF14B
S3150200B320FF3102F1070CAC440B4611F8010F0CF881
S3150200B330010F60780233A3EB0E039842F4D8B5E707
S3150200B340A068411ED31D2B444CF001E011F801CF39
S3150200B35003F801CF0FF007C0C5F80490D5F808E14D
S3150200B360A2F5807C617811EB0C010ED0C2F1FF03CD
S3150200B370C2180EF10700002112F8013F00F8013F42
S3150200B3800131637863448B42F6D8CEF804108FE716
S3150200B39006207EE706207CE70C6B0122C06F0122A5
S3150200B3A0E1680122E468012208B5074B1B780BB15C
S3150200B3B0012008BDFFF7EEFDFFF784FD024B0122D7
S3150200B3C01A700020F5E700BFC86F012208B5054BC9
S3150200B3D01B782BB1FFF776FD0020024B187008BDD3
S3150200B3E00220FCE7C86F012203460268B2F1FF3F62
S3150200B3F013D002F17E41B1F5005F3DBF02F5005266
S3150200B4000260012000201B68A3F10273A3F52053FA
S3150200B410B3F5FB2F38BF01207047002070470000AC
S3150200B4202DE9F04F87B04FF00008364E364F0446EE
S3150200B430894611E004285FD0D04603E003A8FFF74F
S3150200B440D3FF08BB337823B102A8FFF7EDFE00282D
S3150200B450F4D00023002D45D03378002B48D004EBDE
S3150200B460080BC14546D9C2469BF80000FFF7A6FD68
S3150200B47005460028DED10BF1010B0AF1010A1FFA7B
S3150200B4808AFAD145F0D8DDE733787BB3DDF810B020
S3150200B4904FEA5B1CBBF11F0F1BD94FF0000ACDF818
S3150200B4A00480E0465B46BBF11F0F84BFABF1200B65
S3150200B4B02023039A02EB4A12029901EB4A113846FB
S3150200B4C000F062FF80B90AF1010AD045EAD8DDF838
S3150200B4D00480049A0299039801F076FE0028B1D0FE
S3150200B4E00923B7E79B4608E0DDF804800923B1E7A4
S3150200B4F00225A7E70025A5E78346584607B0BDE81B
S3150200B500F08F00BFC86F0122388601220346002051
S3150200B510186070470B0A1B0153FA81F1034B53F86B
S3150200B5202130C3F3400313700020704700084040E7
S3150200B530090A490101F1804101F580014B68138036
S3150200B54000207047090A490101F1804101F5800195
S3150200B55023EA02001A4042EA00428A60002070474B
S3150200B560CBB20120984080B262B9024600200B0A93
S3150200B5705B0103F1804303F5800340EA02409860D1
S3150200B580002070470022F2E710B4090A490101F1CE
S3150200B590804101F580010C6802EA0300204362EA59
S3150200B5A0030202400A6000205DF8044B7047090A54
S3150200B5B0490101F1804101F580014B68C3F30F4354
S3150200B5C01380002070470B0A5B0103F1804303F5E9
S3150200B5D080035868C9B201238B4099B203EA10432B
S3150200B5E08B4214BF00230123137000207047090AFF
S3150200B5F0490101F1804101F5800123EA02001A4066
S3150200B60042EA0042CA60002070470B0A5B0103F15E
S3150200B610804303F58003C8B201218140D868012A1C
S3150200B62007BF20EA01400143884340EA0141D9604D
S3150200B6300020704710B411F4803F0ED0030A0C4A62
S3150200B6401B0153FA80F352F8234024F4803442F863
S3150200B650234021F4803442F82340030A1B0153FAA3
S3150200B66080F0034B43F820105DF8044B704700BF8F
S3150200B670000840400388002B7AD02DE9F04F83B0B2
S3150200B68007464FF00008DFF8F0A04FF00109DFF897
S3150200B690ECB065E09AF84C2C09FA04F3D9B20191A0
S3150200B6A0134230D004F120031BF81330DB0937D0E4
S3150200B6B00134032C4FD07B68991935F8022B8988FF
S3150200B6C09142F5D19B5903F0B853B3F1807FE1D093
S3150200B6D09AF84C2C09FA04F3D9B2019113422CD1EF
S3150200B6E004F120031BF81330DB09E1D004F1200238
S3150200B6F01BF8123023F080030BF812304946C8209B
S3150200B70001F082FDD4E7484601F072FD9AF84C3CFE
S3150200B710019A13438AF84C3C484601F051FDC1E7B1
S3150200B72004F120021BF8123043F080030BF81230AA
S3150200B7304946C82001F068FDBAE7484601F058FDBF
S3150200B7409AF84C3C019A23EA02038AF84C3C484692
S3150200B75001F036FDC4E708F101083B88434504D9E8
S3150200B7604FEAC806034D0024A5E703B0BDE8F08FF3
S3150200B770704700BF7898002200E001400020204078
S3150200B78038B50546FFF776FFEFF31081012383F301
S3150200B79010881A4B1B6823B9194B00221A754022CE
S3150200B7A01A75164A13680133136081F310882B88C1
S3150200B7B06BB100246B6803EBC40253F83410908813
S3150200B7C0FFF738FF01342A88A3B29A42F2D8EFF380
S3150200B7D01083012282F31088084A12681AB10749B7
S3150200B7E00A68013A0A60054A126822B9044A002127
S3150200B7F011758021117583F3108838BDE886012200
S3150200B800000D404008B5034B03600846FFF7B8FF3A
S3150200B810002008BD54524F5008B50846FFF7B0FF46
S3150200B820002008BD70B586B00C461546ADF8081066
S3150200B83001920126ADF80C6001AB049303A8FFF751
S3150200B84019FFEFF3108286F31088144B1B6823B995
S3150200B850134B0021197540211975104E33680133B7
S3150200B860336082F3108829462046FFF7E3FEEFF3A2
S3150200B8701083012282F31088326812B13268013ACB
S3150200B8803260064A126822B9054A002111758021E2
S3150200B890117583F31088002006B070BDE886012278
S3150200B8A0000D40408368C2689A6000207047836832
S3150200B8B0C2685A60002070478368C268DA60002056
S3150200B8C0704730B44368DB695A6842F000429968AF
S3150200B8D041F00044D96841F0004185686C61846892
S3150200B8E0A16181680A6182681969516282685B692D
S3150200B8F09362002030BC7047013983689966836879
S3150200B900DA6A12F0010F03D159668368C268DA60F7
S3150200B91000207047062070478368032A09D0042A4C
S3150200B92008BF03220139123203EB82035960002059
S3150200B93070470422F6E78368DB6AC3F300030B71E0
S3150200B94083689B6C0B60002070474161C261836112
S3150200B9500020704782684FF000431361826853618A
S3150200B9608268936182680023536282689362704799
S3150200B97008B5FFF7EFFF002008BD30B585B00446D5
S3150200B9808C4615468369B3B193E807000DF1100E94
S3150200B9900EE9070083F804C09D60E2691A606269D5
S3150200B9A018469047A36923B104AA12E9070083E85F
S3150200B9B0070005B030BD01ABECE7000070B50C46E0
S3150200B9C083685B6E01338B608368DD6AC5F3C3559A
S3150200B9D0164B93F85C3003F00F03072B1FD8DFE8F2
S3150200B9E003F00606060422181A1C062601E00126A2
S3150200B9F09E400E4B93F85D0000F00F0001F01CFC18
S3150200BA00F3B2B0FBF3F0E84060600123237000203C
S3150200BA1070BD0326EDE70526EBE70A26E9E7083BB4
S3150200BA2010269E40E5E70826E3E700BF00E0014056
S3150200BA3030B403464168CA6991F91210002910DB35
S3150200BA40480901F01F050124AC402030484D45F855
S3150200BA502040BFF34F8FBFF36F8F4648002440F854
S3150200BA60214092F92810002910DB480901F01F0530
S3150200BA700124AC4020303E4D45F82040BFF34F8FA5
S3150200BA80BFF36F8F3B48002440F8214092F92910FA
S3150200BA90002910DB480901F01F050124AC402030C3
S3150200BAA0334D45F82040BFF34F8FBFF36F8F3148B8
S3150200BAB0002440F8214092F92A10002910DB480997
S3150200BAC001F01F050124AC402030294D45F82040E5
S3150200BAD0BFF34F8FBFF36F8F2648002440F82140F3
S3150200BAE092F92B10002910DB480901F01F050124E9
S3150200BAF0AC4020301E4D45F82040BFF34F8FBFF3B8
S3150200BB006F8F1C48002440F8214092F92C1000291E
S3150200BB1010DB480901F01F050124AC402030144D0A
S3150200BB2045F82040BFF34F8FBFF36F8F11480024B3
S3150200BB3040F8214092F92D20002A10DB510902F02B
S3150200BB401F040120A0402031094C44F82100BFF314
S3150200BB504F8FBFF36F8F0749002041F82200002064
S3150200BB6018609A68D96891609B68586330BC7047C0
S3150200BB7000E100E0EC8601222DE9F04104460E4682
S3150200BB800B7C012202FA03F3C3604160C3F30D0387
S3150200BB90B3FA83F35B090374097CB74B0B441B02AC
S3150200BBA0836073694361B369C36100238361F56985
S3150200BBB0EFF3108782F31088B04B1B69317C0A1FA2
S3150200BBC0D2B2052A83BF4FF00042CA40D2436FF079
S3150200BBD000621340A94A1361136901211E2001F074
S3150200BBE013FB87F31088A3684FF425421A60A268F4
S3150200BBF00023D362A268D363A2689364337ADB0517
S3150200BC007768013F317843F48032032908BF13462F
S3150200BC10A268D3622046FFF79DFEA368AA69DA618D
S3150200BC20A368EA691A62A3689F66A3685F66D5F885
S3150200BC3050E06368DF69002307F1300C06200DE04F
S3150200BC40042B14BF98464FF00308013908F1120875
S3150200BC5002EB88025160013301380DD097F8482073
S3150200BC60DA4012F0010FF6D05CF82310A268032B1B
S3150200BC70E6D14FF00408E8E7327C01239340C3F390
S3150200BC800D0313B1A36800225A64A26800239363CA
S3150200BC90A268C2F888302B6D43B995F8202095F832
S3150200BCA021305B0743EA42334EEA030E95F84830E9
S3150200BCB0002B14BF4FF4A0024FF4AA02A3681A6421
S3150200BCC0A368C3F834E0A268D36A95F8541043EA2D
S3150200BCD0011395F8551043EA4113D362A368032270
S3150200BCE01A63A36801221A63A368E268DA6096F906
S3150200BCF01230002B20DA95F92830002B43DA95F919
S3150200BD002930002B67DA95F92A30002B80F28B80D6
S3150200BD1095F92B30002B80F2B98095F92C30002B47
S3150200BD2080F2DC8095F92D30002B80F2FF80544B97
S3150200BD3023600020BDE8F081727C1201D2B203F1C9
S3150200BD40604101F5614181F800234E4A42F82340E1
S3150200BD504D4A03F5C65152F8210020F4803042F8CC
S3150200BD60210052F82120BFF35F8F03F01F01012249
S3150200BD708A405B099B0003F1604303F56143C3F804
S3150200BD8080211A60B7E795F822201201D2B203F198
S3150200BD90604101F5614181F800233A4A42F82340A5
S3150200BDA0394A03F5C65152F8210020F4803042F890
S3150200BDB0210052F82120BFF35F8F03F01F010122F9
S3150200BDC08A405B099B0003F1604303F56143C3F8B4
S3150200BDD080211A6093E795F823201201D2B203F16B
S3150200BDE0604101F5614181F80023264A42F8234069
S3150200BDF0254A03F5C65152F8210020F4803042F854
S3150200BE00210052F82120BFF35F8F03F01F010122A8
S3150200BE108A405B099B0003F1604303F56143C3F863
S3150200BE2080211A606FE795F824201201D2B203F13D
S3150200BE30604101F5614181F80023124A42F823402C
S3150200BE40114A03F5C65152F8210020F4803042F817
S3150200BE50210052F82120BFF35F8F03F01F01012258
S3150200BE608A405B099B0003F1604303F56143C3F813
S3150200BE7080211A604CE700BF20324000003020408B
S3150200BE8054504700EC8601220060004095F82520B8
S3150200BE901201D2B203F1604101F5614181F800233A
S3150200BEA0364A42F82340364A03F5C65152F8210073
S3150200BEB020F4803042F8210052F82120BFF35F8F30
S3150200BEC003F01F0101228A405B099B0003F16043D4
S3150200BED003F56143C3F880211A601EE795F8262010
S3150200BEE01201D2B203F1604101F5614181F80023EA
S3150200BEF0224A42F82340224A03F5C65152F821004B
S3150200BF0020F4803042F8210052F82120BFF35F8FDF
S3150200BF1003F01F0101228A405B099B0003F1604383
S3150200BF2003F56143C3F880211A60FBE695F82720E2
S3150200BF301201D2B203F1604101F5614181F8002399
S3150200BF400E4A42F823400E4A03F5C65152F8210022
S3150200BF5020F4803042F8210052F82120BFF35F8F8F
S3150200BF6003F01F0101228A405B099B0003F1604333
S3150200BF7003F56143C3F880211A60D8E6EC860122F4
S3150200BF800060004070B5EFF30383103B03F0FF0C33
S3150200BF905BB27B4903F5C65051F8202022F4803269
S3150200BFA041F820209A0002F1804202F5C04E02F5C5
S3150200BFB04042D2F80023734A52F8230042681178AD
S3150200BFC0012906D043691BB100221146FFF7D5FCB1
S3150200BFD070BDD2698168C4688C6084680021A164DE
S3150200BFE08468E16484682165654C03F5C65554F896
S3150200BFF0256061F3104644F825600EF5C04EDEF862
S3150200C0000013BFF35F8F5B090CF01F0C012101FACD
S3150200C0100CF160335C4C44F8231092F8483013F06C
S3150200C020010F03D092F92830002B30DA92F848300B
S3150200C03013F0020F03D092F92930002B3FDA92F95E
S3150200C0402A30002B53DA92F92B30002B67DA92F959
S3150200C0502C30002B7BDA92F92D30002BB2DB484ACA
S3150200C06003F5C65152F8214024F4803442F82140A7
S3150200C07052F82120BFF35F8F5A0903F01F030121F3
S3150200C080994002F16003404A42F823109AE73C497C
S3150200C09003F5C65451F8245025F4803541F824504E
S3150200C0A051F82410BFF35F8F590903F01F030124CF
S3150200C0B09C4001F16003344941F82340B6E7304918
S3150200C0C003F5C65451F8245025F4803541F824501E
S3150200C0D051F82410BFF35F8F590903F01F0301249F
S3150200C0E09C4001F16003284941F82340A7E724490F
S3150200C0F003F5C65451F8245025F4803541F82450EE
S3150200C10051F82410BFF35F8F590903F01F0301246E
S3150200C1109C4001F160031C4941F8234093E718490A
S3150200C12003F5C65451F8245025F4803541F82450BD
S3150200C13051F82410BFF35F8F590903F01F0301243E
S3150200C1409C4001F16003104941F823407FE70C4906
S3150200C15003F5C65451F8245025F4803541F824508D
S3150200C16051F82410BFF35F8F590903F01F0301240E
S3150200C1709C4001F16003044941F823406BE700BF8C
S3150200C18000600040EC86012200E100E00E4B1B6AD3
S3150200C1900E4B1B6803F5742303F23F230C4AA2FBE2
S3150200C1A003239B0C642203FB02F282609A008261E3
S3150200C1B042F2107203FB02F242614FF4FA6203FB8F
S3150200C1C002F2C2600361704700E001401C8701224F
S3150200C1D083DE1B4338B504460D4691F91330002B16
S3150200C1E007DA2046FFF7D2FF65601E4B2360002068
S3150200C1F038BD4B68C361CB6843621B4B03221A7579
S3150200C20091F913308A7C002B25DB1201D2B203F19D
S3150200C210604101F5614181F80023144A42F8234046
S3150200C220134A03F5C65152F8210020F4803042F831
S3150200C230210052F82120BFF35F8F03F01F01012274
S3150200C2408A405B099B0003F1604303F56143C3F82F
S3150200C25080211A60C5E703F00F001201D2B2054928
S3150200C2600A54DAE74D41524D00C01340EC860122D2
S3150200C2700060004014ED00E082B083690193154B23
S3150200C280B3221A7003F5F033D3F8803013F4004F5B
S3150200C2900AD1114A019BB3B1019B013B0193D2F82A
S3150200C2A0803013F4004FF5D00B4B1B7C13F0100FAC
S3150200C2B00CD10A4B93F8003413F0020F40F2F91036
S3150200C2C008BF002000E0142002B0704740F2F510CB
S3150200C2D0FAE700BF0000124000E0134000C013401E
S3150200C2E010B50C4B1B7C13F0100F40F2F51408BF6F
S3150200C2F00024094B93F8003413F0020F40F2F913AD
S3150200C30018BF1C4621B90CB1FFF7B6FF204610BD77
S3150200C3100C46F9E700E0134000C0134008B500F0F0
S3150200C3207FFF064B4AF68022A3F884201A46B2F80B
S3150200C33084309BB2802BFAD108BD00BF00E01340C7
S3150200C34038B505460C4669B100F06AFF0C4B01226E
S3150200C35083F8002815F0805F0DD044F40644094B9B
S3150200C3601C8038BD064B002283F8002893F800385B
S3150200C37000F046FFEEE744F4D044024B9C80F0E71F
S3150200C38000E0134000F013402DE9F04116461C462A
S3150200C39017460D4601211046FFF7D2FFBCB31F48D0
S3150200C3A04CF2013211E0BFF35F8FBFF34F8FBFF341
S3150200C3B06F8F0286037C13F0200FFBD090F810C01B
S3150200C3C05FEADC1CFAD114B3474690F810C05FEA64
S3150200C3D0DC1CFAD1037C13F0400FFBD1A4461F2CC0
S3150200C3E084BF07F01F0CCCF1200C6B1E07EB0C0868
S3150200C3F04CF001E013F8011F07F8011B0FF007C00C
S3150200C4006544A4EB0C04BCF1200FCCD1D2E7002189
S3150200C4103046FFF795FF0020BDE8F08100F013409B
S3150200C42070B50E4614460D4601213046FFF788FFC9
S3150200C43034B3164B4FF0FF0C4CF20131187CC00995
S3150200C440FCD11A7C12F0400FFBD12A464FF0200E87
S3150200C4504EF001E002F801CB0FF005C02035013C99
S3150200C460BFF35F8FBFF34F8FBFF36F8F19861A7CAF
S3150200C47012F0200FFBD0187CC009FCD1002CDDD1B4
S3150200C48000213046FFF75CFF002070BD00F013402C
S3150200C49010B58269144BD3F8803013F4004F1FD1C4
S3150200C4A002B3114C1346013AD4F8801011F4004F2E
S3150200C4B003D1013BF7D1142100E00021FFF710FF61
S3150200C4C00446094B4FF42A42A3F884201A46B2F8CE
S3150200C4D084309BB2002BFAD100F092FE204610BDAA
S3150200C4E00021EBE71421E9E700E0134070B582B0C2
S3150200C4F005460C461646FFF711FF5EB144F4CC44DE
S3150200C5002D4BA3F8E8402846FFF7C2FF0446204613
S3150200C51002B070BD294B4FF0FF321A605A609A6022
S3150200C520DA6014F0010F41F6FF7249F6FF7308BF95
S3150200C5301A46224B2249B1F8761001F4C0410A4349
S3150200C540DA806A6901921C4A1E491163A2F5F03229
S3150200C5504021117008211170023B11464FF0080E5E
S3150200C5604EF001E033F8022F0A800FF005C8164B91
S3150200C570D0221A7003F5F033D3F8803013F4004F4B
S3150200C5800CD10D4A019B5BB1019B013B0193D2F891
S3150200C590803013F4004FF5D0002102E0002100E0C4
S3150200C5A014212846FFF79CFE04462846FFF770FF33
S3150200C5B0002C08BF0446AAE700E0134028A8002280
S3150200C5C000F0C90270F0C902000012408161C26126
S3150200C5D00020704710B4446AA36823F44013A36092
S3150200C5E0446AA36C13F0804FFBD0A36823F01003B8
S3150200C5F0A360446A237F13F0100FFBD142610161ED
S3150200C600A36843F01013A36000205DF8044B704743
S3150200C61030B4530902F01F050124AC402033144DF7
S3150200C62045F82340BFF34F8FBFF36F8F114B02F5CF
S3150200C630C65C53F82C4024F4803443F82C4053F85B
S3150200C6402C30002A0CDB0901C9B202F1604303F562
S3150200C650614383F80013084B43F8220030BC70474D
S3150200C66002F00F040901C9B2044B1955F3E700BFE2
S3150200C67000E100E000600040EC86012214ED00E0DB
S3150200C68070B584B005460E469446C46ACCB194E8A9
S3150200C6900F000DF1100E0EE90F002B6A1B782360B6
S3150200C6A0A66084F804C02B6BE360AB6A2046984709
S3150200C6B0EC6A24B104AB13E90F0084E80F0004B05E
S3150200C6C070BD6C46E9E7000070B5036ADD690023B8
S3150200C6D083606B7C03B970BD0446184B93F85430E3
S3150200C6E003F00F03072B22D8DFE803F00606060441
S3150200C6F0251B1D1F062601E001269E400F4B93F8BF
S3150200C700550000F00F0000F097FD6B7C0C4A126892
S3150200C71002FB03F3B0FBF6F0B3FBF0F30133A360C5
S3150200C720D9E70326EAE70526E8E70A26E6E7083B0D
S3150200C73010269E40E2E70826E0E700BF00E001403F
S3150200C7401C870122F8B504460D460B7803F58003D3
S3150200C75003F556531B0243620023037001624A69C2
S3150200C76082628A690263C362CE698378012262F3B6
S3150200C770010383704B78002B08BF0222837862F391
S3150200C7800103837091F90B20897AFFF741FF95F92E
S3150200C790052029792046FFF73BFF95F90720A9795D
S3150200C7A02046FFF735FF95F90920297A2046FFF73B
S3150200C7B02FFFEFF31087012181F310887D4B5A6812
S3150200C7C095F800C04FF0004020FA0CF022EA000271
S3150200C7D05A605B681E2000F017FD87F31088636AB3
S3150200C7E04FF480629A60EA6950686B781B0203F420
S3150200C7F04073E978890301F480410B4311780906F5
S3150200C80001F040710B435178C90389B20B43517B46
S3150200C810490501F400110B4343F48053616A4B61ED
S3150200C82011788B1EDBB2012B40F2BD800368616A70
S3150200C8300B61117B01F0030141F03001AB7833B19A
S3150200C840022B14BF4FF440734FF48073194393784D
S3150200C8501B0703F080530B43616ACB60636A0021B6
S3150200C8609961297801238B40C3F3090313B1636AE3
S3150200C87051495962937B03F00103D17B01F01F01F9
S3150200C88043EA0123127C02F01F0243EA0243626A70
S3150200C8901363002525616561A561E5612046FFF701
S3150200C8A013FF7389A381636A444A9A66236A93F9DA
S3150200C8B00530434A03F5C65152F8210065F310408C
S3150200C8C042F8210052F82110BFF35F8F03F01F00D8
S3150200C8D0012101FA00F05B099B0003F1604303F5B5
S3150200C8E06143C3F880011860236A93F90B3003F59C
S3150200C8F0C65052F8206065F3104642F8206052F89E
S3150200C9002000BFF35F8F03F01F0001FA00F05B09FE
S3150200C9109B0003F1604303F56143C3F8800118608D
S3150200C920236A93F9073003F5C65052F8206065F37F
S3150200C930104642F8206052F82000BFF35F8F03F0E2
S3150200C9401F0001FA00F05B099B0003F1604303F547
S3150200C9506143C3F880011860236A93F9093003F52D
S3150200C960C65052F8206065F3104642F8206052F82D
S3150200C9702020BFF35F8F03F01F0291405B099B00EB
S3150200C98003F1604303F56143C3F880111960636ADA
S3150200C9900C4A9A60626A137F13F0010FFBD00A4BAE
S3150200C9A063600020F8BD0229084B094918BF0B46EF
S3150200C9B03DE700BF0030204000001F1F1000079D0A
S3150200C9C000600040110401004249435324FF00FF66
S3150200C9D004FF00FF38B5EFF30383103B5BB2244A32
S3150200C9E003F5C65152F8210020F4803042F82100A6
S3150200C9F052F821201F4A52F82340236A1B6913B1B9
S3150200CA006369EBB138BD6369D3B1A37803F003035D
S3150200CA10022B0DD0636A226912781A71A37803F089
S3150200CA2003036269D21A626122691A442261E7E744
S3150200CA30626A23691B8823F4DC439BB25360EDE7E9
S3150200CA40636A9D6825F4801545F40015A06860B9EF
S3150200CA50636A9D6000232361A36A002BD2D08022E1
S3150200CA6000212046FFF70CFECCE700F0BDFBEFE706
S3150200CA7000600040EC86012210B582B0EFF303831A
S3150200CA80103B5BB21F4A03F5C65152F8210020F44F
S3150200CA90803042F8210052F821201B4A52F82340E6
S3150200CAA0A37803F00303022B636A07BF1968C1F375
S3150200CAB008011978C9B20191E3693BB9A36A1BB1AE
S3150200CAC004222046FFF7DCFD02B010BDA27802F078
S3150200CAD0030201A9A06900F07FFBA27802F003021B
S3150200CAE0A3691344A361E3699B1AE361002BEBD1AB
S3150200CAF0A36A002BE8D0012200212046FFF7C0FDE1
S3150200CB00E2E700BF00600040EC86012210B5EFF3B9
S3150200CB100383103B5CB20E4B53F82400426A9368BF
S3150200CB2023F4401323F010039360836A1BB102229D
S3150200CB300021FFF7A5FD074A04F5C65352F8231054
S3150200CB4021F4803142F8231052F8233010BD00BF81
S3150200CB50EC8601220060004038B5EFF30383103BF8
S3150200CB605CB21C4B53F82400837803F00303022BB8
S3150200CB70436A07BF1968C1F308011978C9B2456A41
S3150200CB80AA6CC2F3006CC2F300731B0143EA4C1396
S3150200CB90C2F3C06243EAC20C624613F0100F05D01C
S3150200CBA0AB6C13F4004F08BF4CF04002AB6E43F07F
S3150200CBB0C853AB66836A0BB1FFF762FD064A04F5FA
S3150200CBC0C65352F8231021F4803142F8231052F84A
S3150200CBD0233038BDEC8601220060004010B5836820
S3150200CBE01C6A63681BB19A68526818689047A36802
S3150200CBF01BB19A6852681868904710BD10B58368D1
S3150200CC009C69A3689B6820689847A3681B6B206889
S3150200CC10984710BD70B50446836893F90C305909DC
S3150200CC2003F01F03012202FA03F3224E203146F8D3
S3150200CC302130BFF34F8FBFF36F8F1F49836893F97C
S3150200CC400C30002541F82350836893F90E304FEAE1
S3150200CC50531C03F01F0302FA03F30CF1200C46F8EF
S3150200CC602C30BFF34F8FBFF36F8F836893F90E306B
S3150200CC7041F82350836893F910304FEA531C03F0AE
S3150200CC801F039A400CF1200346F82320BFF34F8F6F
S3150200CC90BFF36F8F836893F9103041F82350FFF783
S3150200CCA0ADFF2046FFF79AFFA560A58025602846BE
S3150200CCB070BD00BF00E100E0EC8601222DE9F047DD
S3150200CCC082B005460F460023ADF80430A84CC46076
S3150200CCD0DFF8BC82C0F8108081600E6AA54A9168AE
S3150200CCE063F35D719160916863F31C719160826870
S3150200CCF09268A2613278E261B178727842EA810280
S3150200CD002262226942F001022261226963F3410230
S3150200CD102261226863F341022260226863F3000201
S3150200CD20226083684FF47A71186800F06DFA2368FE
S3150200CD3043F00103236000BF00BF00BF00BF2368AA
S3150200CD4043F002032360B8F8103113F0010F14D137
S3150200CD504446894AB4F8023503F42053B3F5006F0A
S3150200CD600BD0B3F5205F00F0FF80013A00F0FE80A1
S3150200CD70B4F8103113F0010FECD0AB6801215868FA
S3150200CD8000F042FA0DF104094FF000084FF0010AD3
S3150200CD9056F8044F6CB1A3681B686168206898470F
S3150200CDA0A3689B68616820689847044668BB89F84F
S3150200CDB000A008F1010809F10109B8F1020FE7D153
S3150200CDC0BE69B3681B68716830689847044698B9AB
S3150200CDD0B368DC6A00232A4668493068A0470446DD
S3150200CDE038B90023AB80B3685B683068984704465D
S3150200CDF098B12846FFF702FF9DF80430002B40F059
S3150200CE00AF80204602B0BDE8F08708F108030DEBBB
S3150200CE100308002308F8043CEEE7E968AA6892F9D9
S3150200CE200C30527B002BC0F286801201D2B203F183
S3150200CE30604000F5614080F80023514A42F82350D1
S3150200CE40504A03F5C65052F8206026F4803642F85E
S3150200CE50206052F82020BFF35F8F03F01F000122EB
S3150200CE6082405B099B0003F1604303F56143C3F80B
S3150200CE7080211A604B6923F001034B61AA6892F97B
S3150200CE800E30D27B002B5DDB1201D2B203F1604081
S3150200CE9000F5614080F80023394A42F82350394AA6
S3150200CEA003F5C65052F8206026F4803642F8206018
S3150200CEB052F82020BFF35F8F03F01F000122824049
S3150200CEC05B099B0003F1604303F56143C3F88021CC
S3150200CED01A604B6923F002034B61AA6892F910307B
S3150200CEE0527C002B35DB1201D2B203F1604101F50F
S3150200CEF0614181F80023224A42F82350214A03F570
S3150200CF00C65152F8210020F4803042F8210052F82E
S3150200CF102120BFF35F8F03F01F0101228A405B09C4
S3150200CF209B0003F1604303F56143C3F880211A6055
S3150200CF30154B2B6065E703F00F061201D2B21348B8
S3150200CF4082557AE703F00F061201D2B20F488255D4
S3150200CF50A2E703F00F001201D2B20C490A54CAE743
S3150200CF602846FFF73BFE4CE71B244AE7142448E712
S3150200CF7000403A400030204001CA9A3BA781002275
S3150200CF80EC860122006000405441434514ED00E066
S3150200CF9000003A4030B583B0EFF30383103B03F051
S3150200CFA0FF015BB2134A52F82340134A03F5C650F7
S3150200CFB052F8205025F4803542F8205052F82020AD
S3150200CFC0BFF35F8F5B0901F01F0101228A406033C4
S3150200CFD00A4941F82320F8F72FFFA268536933B1B3
S3150200CFE000218DF80010D26901926846984703B075
S3150200CFF030BD00BFEC8601220060004000E100E087
S3150200D00030B583B0EFF30383103B03F0FF015BB24D
S3150200D010134A52F82340134A03F5C65052F82050D9
S3150200D02025F4803542F8205052F82020BFF35F8F56
S3150200D0305B0901F01F0101228A4060330A4941F867
S3150200D0402320F8F763FEA268536933B101218DF8F4
S3150200D0500010D26901926846984703B030BD00BFFE
S3150200D060EC8601220060004000E100E030B583B0AA
S3150200D070EFF30383103B03F0FF015BB2134A52F84E
S3150200D0802340134A03F5C65052F8205025F4803542
S3150200D09042F8205052F82020BFF35F8F5B0901F05F
S3150200D0A01F0101228A4060330A4941F82320F8F71A
S3150200D0B04BFCA268536933B102218DF80010D26984
S3150200D0C001926846984703B030BD00BFEC86012244
S3150200D0D00060004000E100E0806890F90E304FEAFF
S3150200D0E0531C03F01F03012202FA03F30A4941F813
S3150200D0F02C3090F910304FEA531C03F01F0302FA4A
S3150200D10003F341F82C3090F90C30580903F01F0351
S3150200D1109A4041F82020704700E100E0806890F9CB
S3150200D1200E304FEA531C03F01F03012202FA03F3E7
S3150200D13013490CF1200C41F82C30BFF34F8FBFF38B
S3150200D1406F8F90F910304FEA531C03F01F0302FA57
S3150200D15003F30CF1200C41F82C30BFF34F8FBFF3D1
S3150200D1606F8F90F90C30580903F01F039A4000F1B3
S3150200D170200341F82320BFF34F8FBFF36F8F704711
S3150200D18000E100E00023838070478088704783882F
S3150200D19003F57A72B2F5803F3ABF13469BB24FF659
S3150200D1A0FF738380704708B5037903B108BD006831
S3150200D1B0FFF7EDFFFAE700B1027001B10B7070479D
S3150200D1C05FF800F0B50501025FF800F0650C010298
S3150200D1D05FF800F02D0B01025FF800F0C70C0102A8
S3150200D1E05FF800F0D9FA00025FF800F05904010274
S3150200D1F05FF800F0190601025FF800F0F10801027B
S3150200D2005FF800F06DFF00025FF800F065040102AE
S3150200D2105FF800F0E10801025FF800F0E10C01029C
S3150200D2205FF800F059FF00025FF800F0850C01027A
S3150200D2305FF800F051FA00025FF800F021040102E3
S3150200D2405FF800F05D0A0102534D20696E70757435
S3150200D25020706172616D657465720053796E6368E0
S3150200D260726F6E697A6174696F6E205479706500A7
S3150200D2704379636C652054696D65000053796E636A
S3150200D28068726F6E697A6174696F6E20547970651F
S3150200D2907320737570706F72746564004D696E6980
S3150200D2A06D756D204379636C652054696D65004325
S3150200D2B0616C6320616E6420436F70792054696DDE
S3150200D2C0650000476574204379636C652054696D77
S3150200D2D0650044656C61792054696D650053796E09
S3150200D2E06330204379636C652054696D6500534D44
S3150200D2F02D4576656E74204D6973736564004379B6
S3150200D300636C652054696D6520546F6F20536D619F
S3150200D3106C6C0053686966742054696D6520546F9D
S3150200D3206F2053686F727420436F756E7465720056
S3150200D33000000000000000000000000000000000E5
S3150200D340000053796E63204572726F7200FF00000F
S3150200D350534D206F757470757420706172616D65BE
S3150200D3607465720053796E6368726F6E697A61745E
S3150200D370696F6E2054797065004379636C65205439
S3150200D380696D65000053796E6368726F6E697A61C2
S3150200D39074696F6E20547970657320737570706F3F
S3150200D3A072746564004D696E696D756D20437963AB
S3150200D3B06C652054696D650043616C6320616E641F
S3150200D3C020436F70792054696D65000047657420AB
S3150200D3D04379636C652054696D650044656C6179B7
S3150200D3E02054696D650053796E6330204379636C0E
S3150200D3F0652054696D6500534D2D4576656E742022
S3150200D4004D6973736564004379636C652054696D75
S3150200D4106520546F6F20536D616C6C0053686966AA
S3150200D420742054696D6520546F6F2053686F72744F
S3150200D43020436F756E7465720000000000000000E4
S3150200D440000000000000000000000053796E632017
S3150200D4504572726F7200FF000500080007000600A1
S3150200D46010000F0007002000070000002000000047
S3150200D4700600100007000700200007000700200032
S3150200D4800700000020000000060010003F00070011
S3150200D49020000700070020003F00060010000700DA
S3150200D4A0060010000700060010000700000010002A
S3150200D4B00000000020000000000020000000000024
S3150200D4C02000000000002000000000000000000014
S3150200D4D00000000000000000000000000000000044
S3150200D4E00000000000000000000000000000000034
S3150200D4F00000000000000000000000000000000024
S3150200D5000000000000000000000000000000000013
S3150200D51000000000000000000100010007000000FA
S3150200D52053796E63206D616E6167657220747970DE
S3150200D5306500000005000800070005000800070056
S3150200D54054696D657374616D70204F626A656374A8
S3150200D55000FF00001B004000BF0000004572726F12
S3150200D560722053657474696E6773004C6F63616CE5
S3150200D570204572726F72205265616374696F6E0024
S3150200D58053796E63204572726F7220436F756E74A3
S3150200D5906572204C696D697400FF00000500080081
S3150200D5A00700070020000700060010003F000000E9
S3150200D5B04261636B757020706172616D657465722C
S3150200D5C02068616E646C696E6700436865636B739D
S3150200D5D0756D004261636B757020506172616D6595
S3150200D5E0746572204368616E67656400FF0000001F
S3150200D5F005000800070007002000070001000100DF
S3150200D600BF0100004964656E74697479204F626ACD
S3150200D6106563740056656E646F72204944005072E9
S3150200D6206F6475637420436F64650052657669732F
S3150200D630696F6E204E756D6265720053657269611F
S3150200D6406C204E756D62657200FF000005000800D1
S3150200D6500700070020000700070020000700070058
S3150200D66020000700070020000700000052657374BF
S3150200D6706F72652064656661756C74207061726193
S3150200D6806D657465727300000500080007000700E7
S3150200D69020003F0053746F726520706172616D6580
S3150200D6A07465727300000000050008000700070099
S3150200D6B020003F004D616E75666163747572657216
S3150200D6C020536F6674776172652076657273696F2F
S3150200D6D06E00000009002000070000004D616E7513
S3150200D6E066616374757265722048617264776172ED
S3150200D6F0652076657273696F6E0000000900180076
S3150200D70007000000446576696365206E616D6500F9
S3150200D7100900E000070000004572726F7220726510
S3150200D720676973746572000005000800070000004F
S3150200D7304465766963652074797065000700200088
S3150200D740070000004C6F616420506172616D657460
S3150200D75065727320436F6D6D616E6400436F6D6D0C
S3150200D760616E640053746174757300526573706FF1
S3150200D7706E736500FF0000000500080007000A003E
S3150200D78020003F000500080007000A0010000700FD
S3150200D79043616C63756C61746520436865636B7382
S3150200D7A0756D20436F6D6D616E6400436F6D6D61C3
S3150200D7B06E640053746174757300526573706F6E94
S3150200D7C0736500FF000000000500080007000A005C
S3150200D7D020003F000500080007000A00400007007D
S3150200D7E053746F726520506172616D6574657273F0
S3150200D7F020436F6D6D616E6400436F6D6D616E6483
S3150200D8000053746174757300526573706F6E73653D
S3150200D81000FF00000500080007000A0020003F0084
S3150200D8200500080007000A00100007004578636536
S3150200D8307074696F6E20526573657420436F6D6DE7
S3150200D840616E6400436F6D6D616E64005374617442
S3150200D850757300526573706F6E736500FF0000008A
S3150200D8600500080007000A0028003F00050008001E
S3150200D87007000A00100007004465766963652052B6
S3150200D8806573657420436F6D6D616E6400436F6DE1
S3150200D8906D616E64005374617475730052657370C2
S3150200D8A06F6E736500FF00000500080007000A009E
S3150200D8B030003F000500080007000A0010000700BC
S3150200D8C04D6F64756C65204D616E75666163747526
S3150200D8D07265722053657269616C204E756D626560
S3150200D8E07200FF000500080007000900400007005B
S3150200D8F009004000070000004D6F64756C65204DFD
S3150200D900616E75666163747572657220536F6674B3
S3150200D910776172652056657273696F6E00FF00004B
S3150200D9200500080007000900400007000900400042
S3150200D930070000004D6F64756C65204D616E75665B
S3150200D940616374757265722048617264776172658B
S3150200D9502056657273696F6E00FF000005000800AD
S3150200D9600700090040000700090040000700000008
S3150200D9704669726D776172652055706461746520BF
S3150200D98046756E6374696F6E616C2047656E65726B
S3150200D9906174696F6E204E756D62657200FF0000DC
S3150200D9A00700200007000000546F74616C20746940
S3150200D9B06D6520706F776572656400FF0000000078
S3150200D9C0070020000700000054696D652073696E28
S3150200D9D0636520706F776572206F6E00FF0000002E
S3150200D9E007002000070000004F7574707574204907
S3150200D9F064656E74696669657200FF000500080059
S3150200DA00070005000800FF0005000800FF000000EF
S3150200DA1053656D69636F6E647563746F72205344E8
S3150200DA205020446576696365204E616D6500FF008E
S3150200DA300500080007000900400007000900400031
S3150200DA400700000056656E646F72204E616D6500B8
S3150200DA50FF00000009003800070000005344502070
S3150200DA6046756E6374696F6E616C2047656E65728A
S3150200DA706174696F6E204E756D62657200FF0000FB
S3150200DA800500080007000700200007000700200025
S3150200DA90070000004344502046756E6374696F6E3A
S3150200DAA0616C2047656E65726174696F6E204E7592
S3150200DAB06D62657200FF000005000800070007009E
S3150200DAC0200007004D616E7566616374757265723A
S3150200DAD02053657269616C204E756D62657200FF36
S3150200DAE0000000000900400007000000496E707542
S3150200DAF074204C61746368204553432054696D65F4
S3150200DB007374616D70202836342D6269742900FFA2
S3150200DB10000000000500080007001B004000870007
S3150200DB201B00400087000000496E707574204C612E
S3150200DB30746368204553432054696D657374616D3F
S3150200DB4070202833322D6269742900FF000000001C
S3150200DB5005000800070007002000870007002000D4
S3150200DB6087000000496E707574204C6174636820EA
S3150200DB704C6F63616C2054696D657374616D7000DE
S3150200DB80FF000000050008000700070020008700CC
S3150200DB900700200087000000476C6F62616C204D11
S3150200DBA0616E756661637475726572204572726F15
S3150200DBB072204D61736B00476C6F62616C204D6120
S3150200DBC06E756661637475726572204572726F72E4
S3150200DBD0204D61736B00FF00050008000700070077
S3150200DBE020003F01476C6F62616C20446576696371
S3150200DBF065204572726F72204D61736B00476C6FC0
S3150200DC0062616C20446576696365204572726F7243
S3150200DC10204D61736B00FF00050008000700070036
S3150200DC2020003F01476C6F62616C204D616E756624
S3150200DC3061637475726572205761726E696E6720D0
S3150200DC404D61736B00476C6F62616C204D616E753E
S3150200DC506661637475726572205761726E696E676A
S3150200DC60204D61736B00FF000500080007000700E6
S3150200DC7020003F01476C6F62616C204465766963E0
S3150200DC8065205761726E696E67204D61736B00473E
S3150200DC906C6F62616C2044657669636520576172B8
S3150200DCA06E696E67204D61736B00FF000500080008
S3150200DCB00700070020003F014D616E7566616374BF
S3150200DCC075726572204572726F72204D61736B00B8
S3150200DCD0FF000000050008000700070020003F01C2
S3150200DCE0070020003F010000446576696365204510
S3150200DCF072726F72204D61736B00FF00050008009F
S3150200DD000700070020003F01070020003F01000036
S3150200DD104D616E75666163747572657220576172C4
S3150200DD206E696E67204D61736B00FF000500080087
S3150200DD300700070020003F01070020003F01000006
S3150200DD40446576696365205761726E696E67204D18
S3150200DD5061736B00FF000000050008000700070062
S3150200DD6020003F01070020003F0100004C61746360
S3150200DD7068656420476C6F62616C204D616E7566E2
S3150200DD8061637475726572204572726F72204465A2
S3150200DD907461696C73004C61746368656420476CD6
S3150200DDA06F62616C204D616E756661637475726532
S3150200DDB072204572726F722044657461696C7300D9
S3150200DDC0FF0000000500080007000700200087008A
S3150200DDD04C61746368656420476C6F62616C2044B1
S3150200DDE06576696365204572726F72204465746157
S3150200DDF0696C73004C61746368656420476C6F627A
S3150200DE00616C20446576696365204572726F722083
S3150200DE1044657461696C7300FF0000000500080028
S3150200DE2007000700200087004C6174636865642060
S3150200DE30476C6F62616C204D616E756661637475C5
S3150200DE40726572205761726E696E672044657461ED
S3150200DE50696C73004C61746368656420476C6F6219
S3150200DE60616C204D616E75666163747572657220B0
S3150200DE705761726E696E672044657461696C7300DE
S3150200DE80FF000000050008000700070020008700C9
S3150200DE904C61746368656420476C6F62616C2044F0
S3150200DEA06576696365205761726E696E672044659F
S3150200DEB07461696C73004C61746368656420476CB5
S3150200DEC06F62616C20446576696365205761726E84
S3150200DED0696E672044657461696C7300FF00000017
S3150200DEE00500080007000700200087004C617463E4
S3150200DEF0686564204D616E756661637475726572DC
S3150200DF00204572726F722044657461696C7300FFFA
S3150200DF100000000005000800070007002000870037
S3150200DF2007002000870000004C6174636865642066
S3150200DF30446576696365204572726F722044657422
S3150200DF4061696C7300FF0000050008000700070006
S3150200DF502000870007002000870000004C617463E0
S3150200DF60686564204D616E7566616374757265726B
S3150200DF70205761726E696E672044657461696C73BD
S3150200DF8000FF0000050008000700070020008700C8
S3150200DF9007002000870000004C61746368656420F6
S3150200DFA0446576696365205761726E696E672044BF
S3150200DFB0657461696C7300FF0000000005000800CB
S3150200DFC007000700200087000700200087000000E6
S3150200DFD04C61746368656420457863657074696F23
S3150200DFE06E2053746174757300FF0000050008000B
S3150200DFF08700000041637469766520476C6F626131
S3150200E0006C204D616E75666163747572657220452A
S3150200E01072726F722044657461696C730053756223
S3150200E020496E6465782030303100FF000500080033
S3150200E0300700070020008700416374697665204760
S3150200E0406C6F62616C204465766963652045727205
S3150200E0506F722044657461696C7300537562496E10
S3150200E0606465782030303100FF00000005000800AA
S3150200E0700700070020008700416374697665204720
S3150200E0806C6F62616C204D616E7566616374757248
S3150200E0906572205761726E696E67204465746169A4
S3150200E0A06C7300537562496E6465782030303100B6
S3150200E0B0FF00000005000800070007002000870097
S3150200E0C041637469766520476C6F62616C204465B2
S3150200E0D076696365205761726E696E67204465745E
S3150200E0E061696C7300537562496E646578203030DD
S3150200E0F03100FF0005000800070007002000870026
S3150200E100416374697665204D616E756661637475E7
S3150200E110726572204572726F722044657461696C11
S3150200E1207300FF00050008000700070020008700B3
S3150200E1300700200087000000416374697665204469
S3150200E1406576696365204572726F722044657461F3
S3150200E150696C7300FF000000050008000700070055
S3150200E16020008700070020008700000041637469D1
S3150200E1707665204D616E756661637475726572208F
S3150200E1805761726E696E672044657461696C7300CB
S3150200E190FF000000050008000700070020008700B6
S3150200E1A007002000870000004163746976652044F9
S3150200E1B06576696365205761726E696E672044658C
S3150200E1C07461696C7300FF00050008000700070010
S3150200E1D02000870007002000870000004163746961
S3150200E1E0766520457863657074696F6E2053746135
S3150200E1F074757300FF000000050008008700000028
S3150200E2004465746563746564204D6F64756C65203E
S3150200E2104964656E74204C69737400FF0000000047
S3150200E220050008000700070020000700070020007D
S3150200E23007000000436F6E66696775726564204D5C
S3150200E2406F64756C65204964656E74204C697374DD
S3150200E25000FF0000050008003F00070020003F0005
S3150200E260070020003F000000436F6E666967757203
S3150200E27065642041646472657373204C697374002B
S3150200E280FF000000050008003F00070020003F00D5
S3150200E290070020003F0000004D6F64756C6520503A
S3150200E2A0726F66696C65204C69737400FF0000002A
S3150200E2B005000800070007002000070007002000ED
S3150200E2C00700000053656D69636F6E647563746F52
S3150200E2D072204465766963652050726F66696C6563
S3150200E2E000496E6465782044697374616E636500E3
S3150200E2F04D6178696D756D204E756D626572206F20
S3150200E30066204D6F64756C657300FF00050008009A
S3150200E31007000600100007000600100007000000B4
S3150200E3204465766963652055736572205478504456
S3150200E3304F2D4D617000FF00050008000700070021
S3150200E34020003F0044657669636520557365722037
S3150200E350527850444F2D4D617000FF0005000800B1
S3150200E3600700070020003F004D616E756661637409
S3150200E3707572657220426F6F746C6F61646572208C
S3150200E38056657273696F6E00FF000000090018007F
S3150200E390070000004F7574707574436F756E74656F
S3150200E3A072000000070020007F000000496E7075B1
S3150200E3B074436F756E7465720000000007002000DA
S3150200E3C087000000547850444F2061737369676E6A
S3150200E3D000000000527850444F2061737369676EE3
S3150200E3E000000000547850444F2D4D617000FF002C
S3150200E3F00500080007000700200007005278504475
S3150200E4004F2D4D617000FF00050008000700070050
S3150200E41020000700050008000F00060010000F008C
S3150200E4204669726D77617265205772697461626CB2
S3150200E430652042616E6B00000500080007000000BF
S3150200E44000000100030007000F001F003F007F00CD
S3150200E450FF00FF01FF03FF07FF0FFF1FFF3FFF7FC5
S3150200E4600000000000000305000004050100040589
S3150200E470050004050000010601000106020001066E
S3150200E4800000020641000406420004064300040698
S3150200E49047000406000006061000070612000706DB
S3150200E4A013000706110009063000090631000906A5
S3150200E4B03200090633000906360009060000000884
S3150200E4C0200000082100000822000008230000089E
S3150200E4D00300010604000106257300000000000087
S3150200E4E0525F4D52414D5F4572617365282920691D
S3150200E4F073206661696C75726520696E2045455F99
S3150200E5005265736574466C61736844617461282947
S3150200E5102E0D0A0057726974696E6720746F206641
S3150200E5206972737420776F7264206F6620746865EF
S3150200E53020626567696E6E696E67206F66206E6F10
S3150200E5406E2D766F6C6174696C65206D656D6F7288
S3150200E5507920666F722053746F7265205061726102
S3150200E5606D65746572206973206661696C75726582
S3150200E5702E0D0A0057726974696E6720746F204DFA
S3150200E58052414D206973206661696C656420696E2B
S3150200E5902045455F53746F726544656661756C7498
S3150200E5A04461746128292E0D0A00000061646472B8
S3150200E5B06573732069732077726F6E6720696E20A8
S3150200E5C045455F52656164576F72647346726F6D3B
S3150200E5D04E6F6E566F6C6174696C654D656D6F72C8
S3150200E5E07928292E0D0A000045455F526561645758
S3150200E5F06F72647346726F6D4E6F6E566F6C617496
S3150200E600696C654D656D6F7279282920697320667C
S3150200E61061696C7572652E0D0A000000496E6465AB
S3150200E6207820307846334137206261636B757020FB
S3150200E630697320737563636573732E0D0A00000098
S3150200E640496E6465782030784633413820626163CA
S3150200E6506B757020697320737563636573732E0D12
S3150200E6600A000000496E6465782030783130463001
S3150200E670206261636B7570206973207375636365CD
S3150200E68073732E0D0A000000496E64657820307897
S3150200E69046334131206261636B7570206973207362
S3150200E6A07563636573732E0D0A000000496E646517
S3150200E6B07820307846334132206261636B75702070
S3150200E6C0697320737563636573732E0D0A00000008
S3150200E6D0496E64657820307846334133206261633F
S3150200E6E06B757020697320737563636573732E0D82
S3150200E6F00A000000496E646578203078463341345A
S3150200E700206261636B75702069732073756363653C
S3150200E71073732E0D0A000000496E64657820307806
S3150200E72046334135206261636B75702069732073CD
S3150200E7307563636573732E0D0A000000496E646586
S3150200E7407820307846334136206261636B757020DB
S3150200E750697320737563636573732E0D0A00000077
S3150200E760525F4D52414D5F4572617365282920699A
S3150200E77073206661696C75726520696E2045455F16
S3150200E7805772697465576F726473546F4E6F6E5623
S3150200E7906F6C6174696C654D656D6F727928292E8F
S3150200E7A00D0A000057726974696E6720746F204DF6
S3150200E7B052414D206973206661696C656420696EF9
S3150200E7C02045455F5772697465576F726473546F5B
S3150200E7D04E6F6E566F6C6174696C654D656D6F72C6
S3150200E7E07928292E0D0A00007468652077726974EB
S3150200E7F074656E206461746120697320696E636F4B
S3150200E800727265637420696E2045455F577269743A
S3150200E81065576F726473546F4E6F6E566F6C617488
S3150200E820696C654D656D6F727928292E0D0A000097
S3150200E83045786563757465204465766963655F52DC
S3150200E8406573657428292E0D0A0000000300000076
S3150200E8506C980022040000005C9800220702000067
S3150200E86004090000090300000D090000070B00005F
S3150200E8700C0900000B090000020403040404000052
S3150200E880056800220D65002219680022256800220B
S3150200E890C76500220B66002215650022616500220B
S3150200E8A089650022AF650022EF65002231650022EC
S3150200E8B045650022796B0022AF680022A568002216
S3150200E8C0B9680022C368002271690022F968002231
S3150200E8D01569002219690022BD69002237690022E2
S3150200E8E04B690022316A0022BD7C0022157C00227F
S3150200E8F00100001A000000000100011600000000DD
S3150200E90001000000200000600100000020001070DD
S3150200E91001000000030000000000000000000000EB
S3150200E92003000000000000000000000000000000DC
S3150200E93003000200000000000000000003000000C7
S3150200E94000000000000000000300000000000000BC
S3150200E950000000000200303030300000000030308D
S3150200E96030300000000000000200312E30000000AE
S3150200E9700000312E30000000000000000200312E9F
S3150200E980300000000000312E3000000000000000C0
S3150200E990010000000200000002004E2F41000000AC
S3150200E9A000004E2F410000000000000052656E6517
S3150200E9B07361730002000000010000000100000004
S3150200E9C001000000010000003030303030313030BC
S3150200E9D0000000000000000002000000000000002D
S3150200E9E0000000000000000000000000000000001F
S3150200E9F0020000000000000000000000020000000B
S3150200EA0000000000000000000100000000000000FD
S3150200EA1001000000000000000100000000000000EC
S3150200EA2001000000000000000200000000000000DB
S3150200EA3000000000020000000000000000000000CC
S3150200EA4002000000000000000000000002000000BA
S3150200EA5000000000000000000100000000000000AD
S3150200EA60010000000000000001000000000000009C
S3150200EA70010000000000000002000000000000008B
S3150200EA80000000000200000000000000000000007C
S3150200EA90020000000000000000000000020000006A
S3150200EAA0000000000000000001000000000000005D
S3150200EAB0010000000000000001000000000000004C
S3150200EAC0010000000000000002000000000000003B
S3150200EAD0000000000200000000000000000000002C
S3150200EAE0020000000000000000000000020000001A
S3150200EAF00000000000000000020000000098510023
S3150200EB0000000000020000000000000000000000FB
S3150200EB1002000000000000000000000002000000E9
S3150200EB2000000000000000000200100008000000C3
S3150200EB3001000000000000000100000000000000CB
S3150200EB40312E300000000000000000000010070017
S3150200EB50000700003C87002230870022009E002228
S3150200EB60000000000000000000000000000000009D
S3150200EB70000000000110050000070000288700229F
S3150200EB8018870022A4810122000000000000000074
S3150200EB90000000000000000000000000081009004C
S3150200EBA0000700001087002204870022E09D002251
S3150200EBB0000000000000000000000000000000004D
S3150200EBC0000000000910090000070000FC86002270
S3150200EBD0DC860022DC9D002200000000000000000E
S3150200EBE00000000000000000000000000A100900FA
S3150200EBF000070000D4860022B4860022D49D00229B
S3150200EC0000000000000000000000000000000000FC
S3150200EC10000000001010070001080000A88600226C
S3150200EC2094860022CC9D002200000000B903002237
S3150200EC3000000000000000000000000011100700A4
S3150200EC4001080000888600226C860022C49D0022EC
S3150200EC5000000000FB03002200000000000000008C
S3150200EC600000000018102300040900004C86002250
S3150200EC7004860022B09D0022000000000000000071
S3150200EC80000000000000000000000000F0102A0052
S3150200EC9002090000F0850022B0850022A49D002210
S3150200ECA0000000000000000002000000000000005A
S3150200ECB000000000F1102A00020900009C850022D3
S3150200ECC05C85002214A8002200000000000000005B
S3150200ECD0000000000000000000000000F8101B0009
S3150200ECE0000700005485002240850022B0810122DF
S3150200ECF021020022000000000000000000000000C7
S3150200ED0000000000001C05000408000034850022F3
S3150200ED10208500229C9D00220000000000000000C9
S3150200ED20000000000000000000000000321C290064
S3150200ED3020090000588400225083002238850122CF
S3150200ED4000000000000000000000000000000000BB
S3150200ED5000000000331C290020090000588400220C
S3150200ED6048820022F4840122000000000000000014
S3150200ED70000000000000000000000000FFFF00008D
S3150200ED80000000000000000000000000000000007B
S3150200ED900000000000000000000000000400010264
S3150200EDA00304000002000000000000000000000052
S3150200EDB004000000341200000320000000020000DC
S3150200EDC00000000001000000010000000100000038
S3150200EDD000000000342E303000000000312E3000DA
S3150200EDE052656E657361732045746865724341545A
S3150200EDF02052413820455447353030330000000058
S3150200EE008B13000000000000000000000B10090038
S3150200EE10000700008C93002268930022409B002288
S3150200EE2000000000000000000000000000000000DA
S3150200EE3000000000FF172100010900005C93002278
S3150200EE4044930022389B00220000000000000000CC
S3150200EE50000000000000000000000000FF1B21006F
S3150200EE60010900003893002220930022309B0022E1
S3150200EE70000000000000000000000000000000008A
S3150200EE800000000000F02A00020900000C93002294
S3150200EE90C4920022289B002200000000000000000D
S3150200EEA000000000000000000000000010F0070053
S3150200EEB002080000B0920022989200221C9B0022B7
S3150200EEC0000000000000000000000000000000003A
S3150200EED00000000020F007000208000084920022D1
S3150200EEE068920022109B0022000000000000000031
S3150200EEF000000000000000000000000030F00700E3
S3150200EF00020800005492002234920022049B00223E
S3150200EF1000000000000000000000000000000000E9
S3150200EF200000000050F007000208000020920022B4
S3150200EF3000920022F89A0022000000000000000061
S3150200EF4000000000000000000000000080F3050041
S3150200EF5000070000F8910022DC910022898101223B
S3150200EF600000000000000000000000000000000099
S3150200EF700000000081F3070002080000C891002289
S3150200EF80A8910022EC9A0022000000000000000076
S3150200EF9000000000000000000000000082F30700ED
S3150200EFA002080000949100226C910022E09A00224D
S3150200EFB00000000000000000000000000000000049
S3150200EFC00000000083F307000208000058910022A7
S3150200EFD038910022D49A00220000000000000000AE
S3150200EFE000000000000000000000000084F307009B
S3150200EFF0020800002491002200910022C89A0022F1
S3150200F00000000000000000000000000000000000F8
S3150200F0100000000085F32A0001090000F490002296
S3150200F020C0900022C09A00220000000000000000EA
S3150200F03000000000000000000000000086F32A0025
S3150200F04001090000B490002278900022B89A0022AA
S3150200F05000000000000000000000000000000000A8
S3150200F0600000000087F32A00010900006C900022CC
S3150200F07038900022B09A0022000000000000000032
S3150200F08000000000000000000000000088F32A00D3
S3150200F090010900002C900022F48F0022A89A002277
S3150200F0A00000000000000000000000000000000058
S3150200F0B00000000090F3050000070000EC8F00221C
S3150200F0C0D08F00228881012200000000000000008B
S3150200F0D000000000000000000000000091F307009D
S3150200F0E002080000BC8F0022988F00229C9A002200
S3150200F0F00000000000000000000000000000000008
S3150200F1000000000092F3070002080000848F00222C
S3150200F1105C8F0022909A002200000000000000008E
S3150200F12000000000000000000000000093F307004A
S3150200F13002080000488F0022288F0022849A0022AB
S3150200F14000000000000000000000000000000000B7
S3150200F1500000000094F3070002080000148F00224A
S3150200F160EC8E0022789A00220000000000000000C7
S3150200F17000000000000000000000000095F32A00D5
S3150200F18001090000E08E0022908E0022709A002271
S3150200F1900000000000000000000000000000000067
S3150200F1A00000000096F32A0001090000848E002266
S3150200F1B0288E0022689A002200000000000000004B
S3150200F1C000000000000000000000000097F32A0083
S3150200F1D0010900001C8E0022D08D0022609A0022B6
S3150200F1E00000000000000000000000000000000017
S3150200F1F00000000098F32A0001090000C48D0022D5
S3150200F2006C8D0022589A00220000000000000000C7
S3150200F210000000000000000000000000A1F307004B
S3150200F22002080000588D0022408D00224C9A0022CE
S3150200F23000000000000000000800000000000000BE
S3150200F24000000000A2F30700020800002C8D002235
S3150200F250108D0022409A00220000000000000000EB
S3150200F260100000000000000000000000A3F30700E9
S3150200F27002080000FC8C0022E88C0022349A00224C
S3150200F280000000000000000018000000000000005E
S3150200F29000000000A4F3070002080000D48C00223C
S3150200F2A0B88C0022289A002200000000000000000C
S3150200F2B0200000000000000000000000A5F32A0064
S3150200F2C001090000AC8C0022748C0022209A0022D4
S3150200F2D000000000000000002800000000000000FE
S3150200F2E000000000A6F32A0001090000688C002233
S3150200F2F0248C0022189A0022000000000000000060
S3150200F300300000000000000000000000A7F32A0001
S3150200F31001090000188C0022E48B0022109A0022B8
S3150200F320000000000000000038000000000000009D
S3150200F33000000000A8F32A0001090000D88B002271
S3150200F340988B0022089A00220000000000000000AC
S3150200F350400000000000000000000000F0F6070078
S3150200F36002080000848B0022648B0022FC99002292
S3150200F3700000000000000000000000000000000085
S3150200F38000000000F1F6070002080000508B002280
S3150200F390288B0022F09900220000000000000000E5
S3150200F3A0000000000000000000000000F2F61B0052
S3150200F3B002080000148B0022EC8A0022D89900224F
S3150200F3C00000000000000000000000000000000035
S3150200F3D000000000F0F9090000070000E48A00229C
S3150200F3E0C48A0022C8990022000000000000000022
S3150200F3F0000000000000000000000000F1F9070014
S3150200F40001080000B88A0022948A0022C0990022CC
S3150200F41000000000000000000000000000000000E4
S3150200F42000000000F2F9070002080000808A0022AC
S3150200F4305C8A0022B499002200000000000000004D
S3150200F440000000000000000000000000F3F90900BF
S3150200F45000070000548A0022448A0022AC99002246
S3150200F4600000000000000000000000000000000094
S3150200F47000000000F4F9090002080000308A0022A8
S3150200F480108A002298990022000000000000000065
S3150200F490000000000000000000000000F5F9050071
S3150200F4A002080000FC890022E889002294990022C1
S3150200F4B00000000000000000000000000000000044
S3150200F4C000000000F6F9070000070000E0890022AC
S3150200F4D0C889002284810122000000000000000089
S3150200F4E0000000000000000000000000F7F907001D
S3150200F4F000070000C0890022A8890022808101221B
S3150200F50000000000000000000000000000000000F3
S3150200F51000000000F8F9070000070000A089002299
S3150200F520708900229099002200000000000000006D
S3150200F530000000000000000000000000F9F90900C8
S3150200F540020800005C890022348900227C9900228C
S3150200F55000000000000000000000000000000000A3
S3150200F56000000000FAF909000208000020890022C2
S3150200F570F8880022689900220000000000000000BE
S3150200F580000000000000000000000000FBF9090076
S3150200F59002080000E4880022C08800225499002252
S3150200F5A00000000000000000000000000000000053
S3150200F5B000000000F0FB2A0003090000A8880022D0
S3150200F5C07888002248990022A15A0022B95D0022B9
S3150200F5D0000000000000000000000000F1FB2A000D
S3150200F5E003090000608800222C8800223C99002230
S3150200F5F00000000000000000000000000000000003
S3150200F60000000000F2FB2A00030900001488002211
S3150200F610E087002230990022A15A0022295E0022A8
S3150200F620000000000000000000000000F3FB2A00BA
S3150200F63003090000C8870022908700222099002231
S3150200F640A15A002200000000000000000000000095
S3150200F65000000000F4FB2A0003090000788700225C
S3150200F6604487002214990022A15A002200000000B9
S3150200F670000000000000000000000000FFFF000084
S3150200F6800000000000000000000000000000000072
S3150200F6900000000000000000000000000000000062
S3150200F6A00000000001162100010900000894002252
S3150200F6B0FC930022089900220000000000000000CE
S3150200F6C0000000000000000000000000001A2100F7
S3150200F6D001090000F0930022E4930022009900221F
S3150200F6E00000000000000000000000000000000012
S3150200F6F000000000121C06000208000014940022FA
S3150200F700D4930022F89800220000000000000000B6
S3150200F710000000000000000000000000131C0600AC
S3150200F7200208000014940022C4930022F0980022DA
S3150200F73000000000000000000000000000000000C1
S3150200F740000000000060070000070000BC930022D2
S3150200F750AC930022D06F01220000000000000000DE
S3150200F760000000000000000000000000107007000A
S3150200F77000070000A493002294930022CC6F01227A
S3150200F7800000000000000000000000000000000071
S3150200F79000000000FFFF0000000000000000000063
S3150200F7A00000000000000000000000000000000051
S3150200F7B000000000000000000000000000500500EC
S3150200F7C0000700003894002220940022109900229B
S3150200F7D00000000000000000000000000000000021
S3150200F7E000000000FFFF0000000000000000000013
S3150200F7F00000000000000000000000000000000001
S3150200F80000000000537562496E646578203030301E
S3150200F81000000000020000000100000004000000D9
S3150200F8209418010210400000FFFF000000000000D3
S3150200F83000000000000000003CA8002200000000BA
S3150200F8402C87012294870122FC87012200000000F6
S3150200F85000000000000000000000000000000000A0
S3150200F8600000000000000000000000000000000090
S3150200F8700000000000000000000000000000000080
S3150200F880000000000000000000000000030000006D
S3090200F8902C87012296
S3150200F89800B583B001220DF10701094801F0CCFF3A
S3150200F8A858B9084A1368002BFCD0064B00221A6086
S3150200F8B89DF8070003B05DF804FB4FF0FF30F9E747
S3150200F8C860860122D085012200B583B0019001220B
S3150200F8D801A9064801F0B8FF054A1368002BFCD0B7
S3150200F8E8034B00221A6003B05DF804FB608601220E
S3150200F8F8D48501220138012827D82DE9F041164678
S3150200F90802B34C1E00250A274FF00D0808E04046B0
S3150200F918FFF7DAFF3846FFF7D7FF0135AE4211D0B7
S3150200F928013494F900000A2809D1002DEFD014F900
S3150200F938013C0D2BEED04046FFF7C6FFEAE7FFF77C
S3150200F948C3FFEAE73046BDE8F0814FF0FF30704763
S3150200F95808B5FFF7CFFF08BD2DE9F04383B00028AD
S3150200F96868D189461746002A62D00025334E4FF0E1
S3150200F978010814E000233360424601A94046FFF716
S3150200F988B9FF09F80540013507E0424601A9404694
S3150200F998FFF7B0FF09F805400135BD4243D2FFF72C
S3150200F9A877FF04460190B0F1FF3F3DD03368012B43
S3150200F9B8E0D0A0F120025E2AE7D9082814D00D2843
S3150200F9C827D0A0F180021F2A03D9A0F1E0031D2B3C
S3150200F9D8E3D8424601A94046FFF78CFF09F80540DD
S3150200F9E80135C6F80080D8E7002DD8D02023009329
S3150200F9F8012201A91046FFF77DFF0122694610463A
S3150200FA08FFF778FF012201A91046FFF773FF013DB0
S3150200FA18C3E70A2309F80530012209EB0501104656
S3150200FA28FFF768FF01352C46204603B0BDE8F08390
S3150200FA381546F8E74FF0FF34F6E700BFD068012213
S3150200FA4808B5FFF789FF08BD00B100BF704700007F
S3150200FA580379022B1FD0042B02D0012B17D0704733
S3150200FA680F4B1B68D3B90F4B5B78023BDBB2012BFA
S3150200FA7806D982680C4B1A80094B02221A60704713
S3150200FA888268074B01211960074B1A707047074BAA
S3150200FA9801221A607047064B01221A60704700BF9E
S3150200FAA8CC850122C0190102D8850122D0850122FE
S3150200FAB8D4850122022800D0704708B502490348B6
S3150200FAC801F0B6FE08BD00BFF4190102DC85012269
S3150200FAD8034A044B9A60BFF34F8FBFF36F8F704789
S3150200FAE80000002200ED00E0002070470020704769
S3150200FAF8002070470020704708B501F0A1FE0020DB
S3150200FB0808BD10B582B0044601AA142100F036F8E1
S3150200FB18019A22F03F021204120C42F00D020192DF
S3150200FB281421204600F08EF802B010BD022904D036
S3150200FB38042914BF002001207047012070470000E5
S3150200FB4802464160002090608B7BB3FA83F35B091F
S3150200FB58097804318B40DBB202490B70024B136001
S3150200FB68704700BF000D40405948504303460020E5
S3150200FB7858609860187318607047000010B4244CD7
S3150200FB88B4F8103513F4004FFAD1214C94F817350E
S3150200FB9843F0010384F8173594F8163513F0010F6C
S3150200FBA8FAD14368587800F01F00194B83F81205FA
S3150200FBB801F01F0183F813154FF48071A3F810158D
S3150200FBC81946B1F8103513F4004FFAD1104BB3F8B1
S3150200FBD8103503F4C04373B90D49B1F814359BB215
S3150200FBE8136091F8173523F0010381F817350020C1
S3150200FBF85DF8044B70470649B1F8103523F4407393
S3150200FC08A1F810354FF6FF7313600520F0E700BF21
S3150200FC1800003A4010B582B004460023019301AAB7
S3150200FC280121FFF7ABFF01AA01212046FFF7A6FF34
S3150200FC38019B13F0040F41F2883018BF002002B06E
S3150200FC4810BD000010B4224CB4F8103513F4004F5E
S3150200FC58FAD11F4C94F8173543F0010384F8173587
S3150200FC6894F8163513F0010FFAD14368587800F064
S3150200FC781F00174B83F8120501F01F0183F81315AD
S3150200FC8892B2A3F814254FF40072A3F810251A4667
S3150200FC98B2F8103513F4004FFAD10D4BB3F81035FC
S3150200FCA813F4804F0AD10020094A92F8173523F037
S3150200FCB8010382F817355DF8044B7047044AB2F817
S3150200FCC8103523F44073A2F810350520ECE700BF7F
S3150200FCD800003A4010B582B0044643685B7B002BAD
S3150200FCE840F6E15240F2E11308BF1A468260042147
S3150200FCF8FFF7A8FF63689B7B023BDBB2012B0DD99A
S3150200FD084FF4905200212046FFF79CFF01AA0421D6
S3150200FD182046FFF733FF002002B010BD4FF44072B1
S3150200FD2809212046FFF78EFFEAE708B543681B7BE1
S3150200FD38042B01D0012008BDFFF7F8FEFBE7F0B55A
S3150200FD4883B004460E4615461F460022019201AAB2
S3150200FD580121FFF713FF01AA01212046FFF70EFF33
S3150200FD68019A12F0040F00F08380A36813F4806FDF
S3150200FD7803D02B6843F002032B60A36813F4006FC9
S3150200FD8803D02B6843F001032B6012F0200F72D0C8
S3150200FD9801AA05212046FFF7F1FE019D15F4806FA1
S3150200FDA81CBF02233B6015F4006F03D03B6843F087
S3150200FDB801033B6015F0200714D115F0400F17D147
S3150200FDC815F0800F1CD115F4807F21D163689B7BC7
S3150200FDD8023BDBB2012B2AD9002F4FD03760002015
S3150200FDE803B0F0BD01212046FFF79FFF0746E4E76F
S3150200FDF802212046FFF799FF002818BF0227DFE7EE
S3150200FE0803212046FFF791FF002818BF0327DAE7E8
S3150200FE1804212046FFF789FF0028D7D063689B7B19
S3150200FE28023BDBB2012B01D90427D7E7042701AA33
S3150200FE3809212046FFF7A2FE019D15F4807F0AD10B
S3150200FE4815F4007FC8D006212046FFF76EFF00286A
S3150200FE58C2D00627C2E705212046FFF766FF00281B
S3150200FE68EED015F4007F01D10527B7E70527EAE7A3
S3150200FE7841F28830B4E741F28930B1E741F288307D
S3150200FE88AEE708B5012303734B680BB9142008BD06
S3150200FE9843681B7B042B01D00020F8E7FFF731FEED
S3150200FEA80020F4E790F800C04CF0400C80F800C03F
S3150200FEB890F800C05FEADC1CFAD00A7043F0C0036F
S3150200FEC80370037803F0BF0303700378DB09FCD1E0
S3150200FED8704700001A4A92F82630DBB2928C02F07A
S3150200FEE80F02A2F10801032925D8DFE801F0020C66
S3150200FEF8141C144A52F82330134AA2FB03235B0844
S3150200FF08124A136070470F4A52F823300E4AA2FB70
S3150200FF1803239B08F4E70B4A52F823300A4AA2FB4A
S3150200FF280323DB08ECE7074A52F82330064AA2FB0A
S3150200FF3803231B09E4E7034951F82330D340DFE7DB
S3150200FF4800E00140A0680122ABAAAAAA1C870122E6
S3150200FF58034B00221A701A781A781B78704700BF6A
S3150200FF6800C01340044B5B68C3F30903642B02D930
S3150200FF78014B01221A70704700C01340F8B50646B5
S3150200FF885A4BB3F8FA43A4B24AF20352A3F8FA2335
S3150200FF9803F5F21303F580535B6813F4803F19D017
S3150200FFA80025534B5B6813F4003F25D04F4A92F85D
S3150200FFB8753003F00F034F4951F8233092F86D203C
S3150200FFC802F00F02072A68D8DFE802F02B2B2B294A
S3150200FFD86C616365EFF31087012585F31088444B3E
S3150200FFE85A6842F480325A605B6829461E2000F03D
S3150200FFF835FA87F31088D4E745F00205EFF3108740
S31502010008012181F310883A4B5A6842F400325A6048
S315020100185B681E2000F022FA87F31088C6E70622DB
S3150201002802E0012101FA02F2B3FBF2F3324AA2FB20
S3150201003803239B0C012103FA01F000F00FFA2B4A64
S3150201004892F8753043F0400382F8753092F87530AC
S31502010058DB09FBD07278254B83F86D20327842F0A2
S31502010068400283F87520327883F875201A4692F889
S315020100787530DB09FBD115F0010F15D115F0020F09
S3150201008823D144F42544194BA3F8FA43F8BD0322B4
S31502010098CAE70522C8E70A22C6E7083A102101FA81
S315020100A802F2C1E70822BFE7EFF31086012181F3C5
S315020100B810880F4B5A6822F480325A605B681E20F8
S315020100C800F0CCF986F31088D8E7EFF31085012101
S315020100D881F31088064B5A6822F400325A605B682B
S315020100E81E2000F0BBF985F31088CAE700E001403B
S315020100F800302040A068012283DE1B4330B583B05D
S315020101089D4C4AF20353A4F8FA339C4B9C4A1A6053
S315020101189C4A5A604FF400429A609B4ADA6000256B
S315020101281D619A4A5A619A4ADA619A4A1A629A493F
S3150201013899615A62994A9A62FFF7CCFE0A2384F8B0
S31502010148503A092384F8A230012384F8003C84F842
S31502010158365084F83250224692F83C3013F0080F92
S31502010168FAD0854B8E4AC3F8C82040F25342A3F807
S315020101784E20002083F84A004FF60212C3F8AC203B
S3150201018840F25142A3F84C20BFF34F8FBFF36F8F52
S31502010198844A516921F400315161C2F85002BFF310
S315020101A84F8FBFF36F8F80490A6822F440520A6063
S315020101B8BFF34F8FBFF36F8F1A7D012161F30202DD
S315020101C81A751A46137D13F0100FFBD1764A136876
S315020101D843F440531360BFF34F8FBFF36F8F714BD5
S315020101E85B6913F4003F13D1BFF34F8FBFF36F8FD0
S315020101F86C4B0022C3F85022BFF34F8FBFF36F8FA8
S315020102085A6942F400325A61BFF34F8FBFF36F8FB7
S31502010218594B002283F82A201A4692F83C3013F0E9
S31502010228200FFAD0FFF794FE604B5B68FA2B05D0D4
S315020102385E4B5F4959605A68FA2AFBD15B4B9B6848
S315020102487D2B05D0594B5B4999609A687D2AFBD16A
S31502010258494C594B236242F22023A384052384F88D
S315020102682630FFF737FE01211E2000F0F7F8FFF7C7
S3150201027879FEFFF72FFE514B4AF201521A80BFF35C
S315020102885F8F01251D72BFF35F8F4FF425421A80D6
S31502010298092303224A494B48FFF704FE84F85350BF
S315020102A8002384F83E30802384F83E3094F8743073
S315020102B843F0400384F87430224692F87430DB091D
S315020102C8FBD02D4B072283F86C204A2283F874202F
S315020102D80A2283F874201A4692F87430DB09FBD194
S315020102E807258DF8045000248DF8054001A8FFF76B
S315020102F845FE0A23032234493448FFF7D3FD0A236C
S31502010308022233493348FFF7CDFD2B4622463249AD
S315020103183248FFF7C7FD0623012231493148FFF763
S31502010328C1FD0923012230493048FFF7BBFD0A23E3
S3150201033802222F492F48FFF7B5FD052302222E492E
S315020103482E48FFF7AFFD052301222D492D48FFF758
S31502010358A9FD092308222C492C48FFF7A3FD0923E5
S3150201036802222B492B48FFF79DFD034B4FF42542E9
S31502010378A3F8FA2303B030BD00E00140A0680122C8
S31502010388006CDC0200127A0000366E0100CA9A3B42
S315020103985543DE130084D7170046C32300389C1C35
S315020103A8022B010000ED00E000E001E000C013406D
S315020103B8FA00001E7D0000E132342332002000409B
S315020103C8D4E00140DAE001406EE0014076E0014006
S315020103D854E0014055E0014056E0014057E0014032
S315020103E85CE001405DE0014070E0014078E00140D7
S315020103F85AE001405BE00140D5E00140DBE0014003
S31502010408D6E00140DCE00140D8E00140DEE00140EF
S31502010418D7E00140DDE00140014B53F82000704767
S31502010428A068012210B50024064B83F82840012052
S3150201043800F0EEF8044B83F84C4C012000F0B6F8B4
S3150201044810BD00BF0020204000E00140000000006E
S31502010458A0F101000028FBD1704700BFF8B500FBE7
S3150201046801F12F4B1B682F4A934219D303F57423C3
S3150201047803F23F2302F1854202F5071202F683428D
S31502010488A2FB03239B0CA3FB01014FF0FF3383421B
S315020104984FF000038B4140D308B1FFF7D9FFF8BDEE
S315020104A82148B0FBF3F04FF0000C0A46634652EAC4
S315020104B84F13561A914294BF1F465F1E56EA8F077B
S315020104C88C19224647F1000352EACF034FF0FF3453
S315020104D894427CEB030C02D3B2FBF0F0DCE7B1FBEE
S315020104E8F0F14FF0000C0A46634652EA4F13541ACA
S315020104F8914294BF1D465D1E54EA8F050B19184693
S3150201050845F1000150EACF014FF0FF3383427CEBFC
S31502010518010CC1D24FF0FF30BFE74FF0FF30BCE705
S315020105281C87012200127A0000CA9A3BF8B5104BC1
S31502010538D3F80021D3F820511540002401260D4F86
S3150201054802E00134152C0AD006FA04F32B42F8D03C
S3150201055857F82430002BF4D0E0B29847F1E7044B60
S31502010568C3F810511A46D2F820312B42FBD1F8BDF5
S3150201057800C000409486012210B40A4800220A4C9F
S31502010588082302E00132013B08D030F8021F002994
S31502010598F8D002F5C65C44F82C10F3E75DF8044B73
S315020105A8704700BFDE1E010200600040EFF31082B1
S315020105B8012383F31088134B33F810309BB233B1FE
S315020105C8104931F81030013B9BB221F810300D4B1E
S315020105D833F810309BB293B910B40B49B1F8FA3318
S315020105E89BB20A4C34F8100043F4254323EA00036C
S315020105F8A1F8FA3382F310885DF8044B704782F347
S31502010608108870470C87012200E00140402101024F
S3150201061810B4EFF31081012383F310880F4B33F8DB
S3150201062810309BB26BB90E4AB2F8FA339BB20D4C33
S3150201063834F810C043EA0C0343F425439BB2A2F8EB
S31502010648FA33064A32F8103001339BB222F81030D7
S3150201065881F310885DF8044B704700BF0C870122AD
S3150201066800E001404021010208B5094B1A688318C6
S31502010678B3F5004F04D807481044054A136008BD6C
S3150201068800F014FB0C2303604FF0FF30F7E700BFBD
S3150201069818870122A0A8002200BE704708B500F0FB
S315020106A83BF8FFF729FAFEE72DE9F8430646194B07
S315020106B8D3F80080B8F1000F13D0002425465F68ED
S315020106C8A14603E001350C3445450AD03B195A7A4D
S315020106D8B242F7D138595A68121A494600F0CEFA87
S315020106E8F0E70C4B9F6897B10024DD6802E00134FC
S315020106F8BC420CD0210105EB04135A7BB242F6D156
S3150201070868585A68121A996800F0D9FAEFE7BDE8EB
S31502010718F88300BF101F010270B5644B644A5A611F
S31502010728BFF34F8FBFF36F8F1B6803F47002B2F5E5
S31502010738801F7ED013F4600F7FD05E4A136823F0C0
S3150201074804031360BFF34F8FBFF36F8F574B4FF4F9
S315020107587002C3F88820584A9A600020FFF7AAF95E
S31502010768FFF7CCFC554B4AF20252A3F8FA230022B0
S3150201077883F8B02A4FF42542A3F8FA230120FFF79A
S3150201078899F94F4B83F30A884A4B1B6813F0020FF8
S3150201079804D0464B9B68B3F1007F62D00020FFF775
S315020107A883FFFFF797FBFFF73DFE0320FFF730FFB5
S315020107B80023444819464FF00E0E4EF001E003F1AC
S315020107C80C0220F8221001330FF007C80320FFF7A5
S315020107D8EDFE0320FFF71CFF3B4B00245C609C6087
S315020107E8DC601C610320FFF7E1FE0120FFF75CFFD5
S315020107F8BFF34F8FBFF36F8F2C4BC3F85042BFF332
S315020108084F8FBFF36F8F314B314A9B1A9E10A3420A
S3150201081806DD154655F8043B98470134A642F9DC2C
S315020108280220FFF747F9FFF7A7FE002000F052F86A
S3150201083870BD13F00F0F80D17CE71E4A136843F08F
S3150201084804031360BFF34F8FBFF36F8F4FF0E0229C
S31502010858936843F480339360BFF34F8FBFF36F8F6F
S3150201086874E7144A13695169C3F3C30309330122AD
S3150201087802FA03F3DB0800240025002043F005C031
S31502010888E0E802450FF005C0C1F3C303093302FAD2
S3150201089803F3DB084FF0005243F007C0AFF30080C1
S315020108A8E2E802450FF005C078E700BF00ED00E077
S315020108B801020E0000E001E00000000200E0014032
S315020108C8A0280122000D404000402040D02101020B
S315020108D8D021010270470000024B0146186800F058
S315020108E82DB800BF38A80022024B0146186800F04D
S315020108F8FBB900BF38A8002270B50F4E0C46054653
S31502010908316811B900F0C2F930602146284600F073
S31502010918BDF9431C03D14FF0FF34204670BDC41CF8
S3150201092824F00304A042F8D0211A284600F0AEF9B1
S315020109380130F2D1EFE700BF208701222DE9F84302
S31502010948CD1C064625F0030508350C2D38BF0C25A6
S31502010958002D01DBA94204D90C2333600020BDE82E
S31502010968F883DFF8D48000F069F8D8F800301C461D
S3150201097844BB29463046FFF7BFFF431C044658D1FC
S31502010988D8F800402746002F43D1002C4BD02368C4
S315020109983946304604EB030900F078F9814542D11C
S315020109A8216830466D1A2946FFF7A6FF01303AD06B
S315020109B823682B442360D8F800305A6862BBC8F80A
S315020109C800700FE02268521B20D40B2A17D961192D
S315020109D8A342256018BF5960636808BFC8F80010AA
S315020109E862514B60304600F02FF804F10B00231DCB
S315020109F820F00700C21A1CBF1B1AA350AFE7626890
S31502010A08A3420CBFC8F800205A60EBE72346646884
S31502010A18AEE73C467F68B6E71A465B68A342FBD156
S31502010A2800235360DEE70C233046336000F00CF8EE
S31502010A3894E70560D6E700BF24870122014800F042
S31502010A483CB900BF28870122014800F037B900BF27
S31502010A58288701220FB407B5064904AB086853F87B
S31502010A68042B8168019300F0B3F903B05DF804EB36
S31502010A7804B0704738A80022036A70B505460E46C7
S31502010A8884680BB900F084FD636EDB0705D4A3897C
S31502010A98980502D4A06D00F010F9A389190702D5A9
S31502010AA82369002B35D12146284600F081F880B307
S31502010AB84FF0FF35636EDA0705D4A3899B0502D485
S31502010AC8A06D00F0FBF8284670BD002B04DAA26976
S31502010AD89A4217DC0A2915D023685A1C2260197012
S31502010AE8A36816F8011F013BA3600029EDD1002B6B
S31502010AF811DA22460A21284600F01CF80130D7D01D
S31502010B080A25D7E72246284600F014F80130E7D12C
S31502010B18CEE7013EE4E723685A1C22600A221A70CC
S31502010B28EEE70000024B01461868FFF7A5BF00BFB2
S31502010B3838A80022F8B50E461446054618B1036AC6
S31502010B480BB900F025FDA369A360A3891A0701D58C
S31502010B58236943B92146284600F02AF818B14FF00D
S31502010B68FF373846F8BD2368F6B222693746981A1E
S31502010B786369834205DC2146284600F055FC0028B4
S31502010B88EDD1A368013BA36023685A1C22601E703B
S31502010B98431C62699A4204D0A389DB07E1D50A2E6E
S31502010BA8DFD12146284600F03FFC0028D9D0D6E7F6
S31502010BB838B5294B05460C46186818B1036A0BB9AC
S31502010BC800F0E6FCB4F90C30190722D4DA0607D488
S31502010BD809222A6043F040034FF0FF30A38133E034
S31502010BE8580712D5616B41B104F14403994202D007
S31502010BF8284600F079F800236363A38923F02403C6
S31502010C08A3810023636023692360A38943F0080350
S31502010C18A38123694BB9A38903F42073B3F5007F32
S31502010C2803D02146284600F00EFDB4F90C3013F024
S31502010C3801020AD00022A26062695242A2612269B5
S31502010C4842B913F08000C5D138BD990758BF626908
S31502010C58A260F4E70020F7E738A800220139024426
S31502010C6810B5904201D1002005E0037811F8014F31
S31502010C78A34201D0181B10BD0130F2E70244034614
S31502010C88934200D1704703F8011BF9E738B50023EF
S31502010C98054D044608462B60FFF7E6FC431C02D1C4
S31502010CA82B6803B1236038BD68880122014B186895
S31502010CB8704700BF38A800227047704770470A4438
S31502010CC8431E914200D1704710B511F8014B91426A
S31502010CD803F8014FF9D110BD034613F8012B002A77
S31502010CE8FBD1181A0138704738B50546002941D093
S31502010CF851F8043C0C1F002BB8BFE418FFF79EFEFF
S31502010D081D4A136833B9636014602846BDE8384042
S31502010D18FFF79ABEA34208D9206821188B4201BF60
S31502010D2819685B6809182160EDE71A465B680BB119
S31502010D38A342FAD911685018A0420BD1206801447E
S31502010D48501811608342E0D118685B680844536001
S31502010D581060DAE702D90C232B60D6E7206821183E
S31502010D688B4202BF19685B680918636008BF216074
S31502010D785460CAE738BD00BF248701229368013B44
S31502010D88002B10B4936008DA9469A34201DB0A299D
S31502010D9803D15DF8044BFFF7CDBE1368581C1060EA
S31502010DA8084619705DF8044B7047F8B506460F46B2
S31502010DB81446D518AC4201D1002007E03A4614F888
S31502010DC8011B3046FFF7DAFF431CF3D1F8BD0000D9
S31502010DD82DE9F04F0D469DB014469846064618B1C0
S31502010DE8036A0BB900F0D4FB6B6ED90705D4AB893C
S31502010DF89A0502D4A86DFFF760FFAB891B0701D5D7
S31502010E082B699BB929463046FFF7D2FE70B16B6E44
S31502010E18DC0704D54FF0FF301DB0BDE8F08FAB8972
S31502010E289805F7D4A86DFFF749FFF3E70023CDF834
S31502010E380C804FF00109DFF8B481099320238DF85C
S31502010E48293030238DF82A3023469A4613F8012B86
S31502010E580AB1252AF9D1BAEB040B0BD05B46224615
S31502010E6829463046FFF7A1FF013000F0A780099A0B
S31502010E785A4409929AF80030002B00F09F80002309
S31502010E884FF0FF320AF1010A049307938DF85330A2
S31502010E981A93CDE9052354460522544814F8011B31
S31502010EA800F0B8FC049AD8B9D10644BF20238DF8BC
S31502010EB85330130744BF2B238DF853309AF8003069
S31502010EC82A2B15D0079A544600204FF00A0C2146C0
S31502010ED811F8013B303B092B4BD9B0B1079214E00B
S31502010EE8A0EB0803A24609FA03F313430493D2E7D4
S31502010EF8039B191D1B68002B0391BBBF5B4242F082
S31502010F08020207930793B8BF049223782E2B0AD1BC
S31502010F1863782A2B32D1039B02341A1D1B6843EAD2
S31502010F28E37303920593DFF8D4A00322217850468E
S31502010F3800F070FC38B1A0EB0A004022049B013490
S31502010F4882401343049314F8011B062228488DF89C
S31502010F58281000F05FFC00283FD0264B1BBB039BE1
S31502010F68073323F0070308330393099B3B44099389
S31502010F786AE70CFB02320C460120A8E7002301347A
S31502010F884FF00A0C19460593204610F8012B303A00
S31502010F98092A03D9002BC6D00591C4E70CFB012106
S31502010FA804460123F0E703AB2A4604A93046009317
S31502010FB8114BAFF300800746781CD6D16B6ED90761
S31502010FC805D4AB899A0502D4A86DFFF777FEAB89DA
S31502010FD85B063FF51FAF09981EE703AB2A4604A92C
S31502010FE830460093044B00F07DF8E4E74A210102FA
S31502010FF85421010200000000B30D01025021010231
S315020110082DE9F047164698468A6807460B690C4643
S31502011018DDF820909342B8BF1346336091F8432016
S315020110280AB1013333602368990642BF3368023332
S315020110383360256815F0060506D104F1190AE36835
S3150201104832689B1AAB422BDC94F843302268003B88
S3150201105818BF0123920630D404F1430241463846A9
S31502011068C847013023D023681A3454F80A2C03F0EE
S315020110780603042B0ABF54F80E5C002533684FF0A9
S31502011088000608BFED1A54F8123C08BF25EAE575B1
S315020110989342C4BF9B1AED18B5421AD1002008E043
S315020110A80123524641463846C847013003D14FF01B
S315020110B8FF30BDE8F0870135C1E7E1185A1C302037
S315020110C80233224481F8430094F8451082F843100A
S315020110D8C2E70123224641463846C8470130E6D0CF
S315020110E80136D9E72DE9FF470F7E914680460C4620
S315020110F8782F9A460C9E01F1430207D8622F0AD825
S31502011108002F00F0D180582F00F0B88004F1420672
S3150201111884F842703AE0A7F16303152BF6D801A1C8
S3150201112851F823F0851101029911010215110102E3
S315020111381511010215110102151101029911010276
S3150201114815110102151101021511010215110102EA
S3150201115897120102C311010251120102151101026C
S3150201116815110102B912010215110102C311010277
S3150201117815110102151101025912010233681A1DCC
S315020111881B68326004F1420684F8423001239CE06E
S3150201119833682068191D3160060601D51D6803E00A
S315020111A84506FBD5B3F90050002D03DA2D236D420E
S315020111B884F8433058480A2311E02168336808063F
S315020111C853F8045B02D4490648BFADB26F2F3360A8
S315020111D8514814BF0A230823002184F8431066687C
S315020111E8002EA66005DB21682E4321F00401216049
S315020111F84BD01646B5FBF3F103FB1157C75D06F84B
S31502011208017D2F460D46BB42F4D9082B0BD1236823
S31502011218DF0708D5236961689942DEBF302306F8DC
S31502011228013C06F1FF36921B22614B4603AA21466F
S315020112384046CDF800A0FFF7E3FE01304AD14FF050
S31502011248FF3004B0BDE8F087236843F0200323602A
S3150201125878273248236884F845701F06316851F8A1
S31502011268045B02D45F0648BFADB23160D90744BFF9
S3150201127843F0200323601DB11023ADE72648E9E7B1
S31502011288236823F020032360F6E71646BDE7336891
S315020112982568181D616930602E061B6801D519601B
S315020112A802E06806FBD51980002316462361BCE7CE
S315020112B8336800211A1D32601E686268304600F0E2
S315020112C8A9FA08B1801B606063682361002384F868
S315020112D84330AAE72369324649464046D047013098
S315020112E8ADD023689B0713D4E068039B9842B8BF25
S315020112F81846A6E70123324649464046D0470130F9
S315020113089DD00135E36803995B1AAB42F2DCEBE740
S31502011318002504F11906F5E75B2101026C21010298
S31502011328B1F90C202DE9F041160705460C4654D4AD
S315020113384B68002B02DC0B6C002B48DDE66A002E9B
S3150201134845D0002312F480522F68216A2B6030D0CF
S31502011358626DA389590705D56368D21A636B0BB106
S31502011368236CD21A0023E66A216A2846B047431C2F
S31502011378A38906D129681D292BD82A4ACA40D60724
S3150201138827D50022D90462602269226004D5421C4B
S3150201139801D12B6803B96065616B2F60B9B104F19C
S315020113A84403994202D02846FFF79EFC0023636351
S315020113B80DE001232846B0470246501CC9D12B68C5
S315020113C8002BC6D01D2B01D0162B1DD12F60002054
S315020113D821E043F040031BB21AE00F69002FF6D051
S315020113E893070E680F600CBF4B690023A6EB07082B
S315020113F88B60B8F1000FEADD43463A46216A284670
S31502011408A66AB047002808DCB4F90C3043F0400359
S315020114184FF0FF30A381BDE8F0810744A8EB00082D
S31502011428E7E700BF0100402038B50B6905460C46BF
S3150201143813B90025284638BD18B1036A0BB900F05D
S31502011448A7F8B4F90C30002BF3D0626ED00704D496
S31502011458990502D4A06DFFF730FC28462146FFF70D
S315020114685FFF636E0546DA07E4D4A3899B05E1D4D7
S31502011478A06DFFF723FCDDE7002310B50446836060
S31502011488818119464366C28108228361C0E9003314
S31502011498C0E904335C30FFF7F1FB0D4B246263624A
S315020114A80C4BA3620C4BE3620C4B23630C4B9C4221
S315020114B806D003F16802944202D0D0339C4205D188
S315020114C804F15800BDE81040FFF7F6BB10BD00BF96
S315020114D8C7160102E916010221170102451701027F
S315020114E82C870122024A0349034800F069B800BF62
S315020114F888A80022311401023CA8002241680C4B3B
S31502011508994210B5044601D0FFF78EFFA168094B2F
S31502011518994202D02046FFF787FFE168064B9942B6
S3150201152804D02046BDE81040FFF77EBF10BD00BFBC
S315020115382C87012294870122FC87012210B50B4BC5
S3150201154804210B4C0B4A20461A600022FFF794FF2E
S3150201155804F1680001220921FFF78EFF04F1D00088
S3150201156802221221BDE81040FFF786BF64880122D4
S315020115782C870122ED1401020148FFF79EBB00BF29
S31502011588298701220148FFF799BB00BF2987012252
S3150201159810B50446FFF7F0FF236A1BB1BDE81040F8
S315020115A8FFF7F0BF044B2362044B1B68002BF5D1EE
S315020115B8FFF7C4FFF2E700BF05150102648801229D
S315020115C82DE9F8430746884614460026D4E90195CB
S315020115D8B9F1010905D52468002CF7D13046BDE8D1
S315020115E8F883AB89012B07D9B5F90E30013303D03C
S315020115F829463846C04706436835E9E770B50C46B9
S31502011608B1F90E1096B0154600291E460CDAA389C1
S31502011618002113F0800F14BF40234FF4806300208A
S3150201162831602B6016B070BD6A4600F09BF800283F
S31502011638EDDB019901F47041A1F500535942594173
S315020116484FF48063EBE78B89F7B59D0706460C468F
S3150201165807D504F14703236023610123636103B0BC
S31502011668F0BD01AB6A46FFF7C9FF009F0546304642
S315020116783946FFF763F948B9B4F90C309A05EED43D
S3150201168823F0030343F00203A381E2E7A38920605F
S3150201169843F08003A381019BC4E904075BB1B4F952
S315020116A80E10304600F070F828B1A38923F003031F
S315020116B843F00103A381A3891D43A581CFE710B591
S315020116C80C46B1F90E1000F081F80028ABBF636D24
S315020116D8A3891B1823F48053ACBF6365A38110BD8C
S315020116E82DE9F0411F468B8905460C46DB05164650
S315020116F805D502230022B1F90E1000F055F8A38987
S315020117083246B4F90E10284623F48053A3813B4688
S31502011718BDE8F04100F06CB810B50C46B1F90E10EF
S3150201172800F042F8431CA38915BF606523F4805370
S3150201173843F48053A38118BFA38110BDB1F90E10DA
S3150201174800F000B838B50023054D044608462B605B
S31502011758FEF7CAF9431C02D12B6803B1236038BDCF
S315020117686888012238B50023064D04460846114603
S315020117782B60FEF7BBF9431C02D12B6803B1236028
S3150201178838BD00BF6888012238B50023054D0446D5
S3150201179808462B60FEF7AEF9431C02D12B6803B14A
S315020117A8236038BD6888012238B50446064D0846C5
S315020117B8114600222A601A46FEF79AF9431C02D1FB
S315020117C82B6803B1236038BD6888012238B50446FF
S315020117D8064D0846114600222A601A46FEF730F9D6
S315020117E8431C02D12B6803B1236038BD68880122E4
S315020117F838B50446064D0846114600222A601A469D
S31502011808FEF7A6F8431C02D12B6803B1236038BD43
S3150201181868880122C9B20346024410B593421846A2
S3150201182801D1002003E0047801338C42F6D110BDC0
S315020118385FF800F0056800225FF800F0CD75002216
S315020118485FF800F0610000225FF800F0D57500220A
S3150201185852413854322045746865724341542073A3
S31502011868616D706C652070726F6772616D20737439
S3150201187861727473206F6E2042414E4B302E0D00F9
S31502011888DC850122F419010280980022E4850122ED
S31502011898A0180102E898002201000000983A000007
S315020118A801000000000C010C020C000000000000FF
S315020118B82819010200000000C418010200000000F4
S315020118C8D0180102FC180102F8850122DC1801026E
S315020118D8F01E0102000000000000020008000000DC
S315020118E80400000000000000F418010200000000D4
S315020118F8000000000886012208190102F01E0102F1
S3150201190801010000000002000800000004000000B6
S31502011918000000002019010200000000000000007A
S315020119281886012234190102B49800220000000027
S31502011938E093040000000000F0490200000F0300D2
S31502011948A7810022000000005419010200000000CC
S315020119580000000000000000000000000000000076
S315020119680000000000000000000000000000FFFF68
S31502011978FFFFFFFFDFDFDFDFDFDF00000000000020
S315020119880000000000000000000000000000000046
S315020119980000000000000000000000000000000036
S315020119A80000000000000000000000000000000026
S315020119B800000000FFDFFFDF090200000C040C052E
S315020119C80C060C07000000000000000059FA00028C
S315020119D800000000E01901020001000024A800220B
S315020119E80F00FFFF00000001010000009C0000003B
S315020119F8001A010200000000008000000100000038
S31502011A0800800000020000000080000003000000C0
S31502011A1800800000040000000080000005000000AC
S31502011A280080000006000000008000000700000098
S31502011A380080000008000000008000000900000084
S31502011A48008000000A000000008000000B00000070
S31502011A58008000000C000000008000000D0000005C
S31502011A68008000000E000000008000000F00000048
S31502011A78000000000001000000000102010100004F
S31502011A880000010302010000000001030301000036
S31502011A98000000000A010000000001150B01000008
S31502011AA8000001060D01000000000000030200000B
S31502011AB800400000040200000500000005020000C3
S31502011AC80000011A060200000400000007020000D5
S31502011AD800000100080200000000010009020000DE
S31502011AE8000001000A020000000001000B020000CA
S31502011AF8004000000C0200000000011A0403000065
S31502011B080000011A050300000000011A060300007D
S31502011B180000011A0703000004000000090300007F
S31502011B280000011A0A0300000000011A0B03000053
S31502011B380000011A0C030000000000000D0300005A
S31502011B48004000000E030000000001050004000029
S31502011B5800000105010400000000011A0204000048
S31502011B680000011A030400000000011A040400001F
S31502011B780000011A050400000000011A060400000B
S31502011B88040000000A040000000000000B04000023
S31502011B98040000000C040000040000000D0400000B
S31502011BA8000001040E040000000001040F040000F5
S31502011BB80080000000050000008000000105000009
S31502011BC80080000002050000000000000305000075
S31502011BD800000000040500000400000005050000DD
S31502011BE800000103070500000000010308050000C3
S31502011BF80000010309050000000001030A050000AF
S31502011C080000011A0B050000040000000C05000083
S31502011C18008000000D050000000401070E05000002
S31502011C28000401070F050000000001030006000079
S31502011C38000001030106000000000103020600007C
S31502011C480000010303060000000001030406000068
S31502011C580000010305060000040000000B0600004F
S31502011C68050000000E0600000000011A0007000028
S31502011C780000011A010700000000011A020700000C
S31502011C880000011A030700000000011A04070000F8
S31502011C980000011A05070000000C010906070000E9
S31502011CA80000011A080700000000011A09070000CE
S31502011CB8000000000A0700000000011A0B070000D5
S31502011CC80000011A0C0700000000011A0D070000A6
S31502011CD80000011A0E070000004000000F0700006D
S31502011CE800000000000800000000010401080000CD
S31502011CF800000103020800000000010303080000B6
S31502011D080000010204080000008000000508000026
S31502011D180080000006080000040000000808000010
S31502011D280400000009080000008000000C080000F9
S31502011D38040000000D08000005000000000900006B
S31502011D480000000001090000040000000409000067
S31502011D580000011A050900000000011A060900001F
S31502011D680000011A070900000000011A080900000B
S31502011D780000011A09090000100000000B09000001
S31502011D88100000000C090000040000000D09000003
S31502011D9800000000000A000000000104020A000017
S31502011DA805000000040A000000000104050A0000FB
S31502011DB804000000060A000000000000070A0000ED
S31502011DC8040000000B0A0000000001050C0A0000CD
S31502011DD8000001050D0A0000000001050E0A0000B7
S31502011DE8050000000F0A00000000011A000B00009E
S31502011DF80000011A010B00000000011A020B000083
S31502011E080000011A030B00000000011A040B00006E
S31502011E1800400000050B000004000000060B00004C
S31502011E2810000000070B00000000011A080B000051
S31502011E380000011A090B00000000011A0A0B000032
S31502011E480000011A0B0B00000000011A0C0B00001E
S31502011E580000011A0D0B00000000011A0E0B00000A
S31502011E6800000108040C000000000108070C00002C
S31502011E7800000108080C0000000001080A0C000015
S31502011E88000001080B0C0000000001080C0C000000
S31502011E98000001080D0C0000000001080E0C0000EC
S31502011EA800000115010D000000000115020D0000D8
S31502011EB800000115030D000000000115040D0000C4
S31502011EC800000115050D000000000115060D0000B0
S31502011ED800000115070D0000BC02BA02BB02870108
S31502011EE8030304030503060349FB000275FB00020B
S31502011EF88BFE000285FB00024DFC0002DDFC00029E
S31502011F0847FD00021DFC00020A000000C82001026A
S31502011F1818000000481F010204000000281F0102E0
S31502011F2800000068000000680000008000000080D0
S31502011F380000007000000070A0A80022A0A80022DC
S31502011F480000006800000068000000900001090D09
S31502011F5800000068000000680000007800010B0D0F
S31502011F680000006800000068000000270001020D59
S31502011F780000006800000068005000020001010D1F
S31502011F88000000800000008000000090000109089E
S31502011F9800000080000000800000007800010B08A4
S31502011FA800000080000000800000002700010208EE
S31502011FB800000080000000800050000200010108B4
S31502011FC80000007000000070000000900001090A7C
S31502011FD800000070000000700000007800010B0A82
S31502011FE80000007000000070000000270001020ACC
S31502011FF80000007000000070005000020001010A92
S31502012008000000000000000000000090010109051F
S3150201201800000000000000000000007801010B0525
S315020120280000000000000000000000270100020570
S315020120380000000000000000005000020100010536
S3150201204800000020000000200000009001010904A0
S3150201205800000020000000200000007801010B04A6
S3150201206800000020000000200000002701000204F1
S3150201207800000020000000200050000201000104B7
S31502012088000000220000002200000090000109035E
S3150201209800000022000000220000007800010B0364
S315020120A800000022000000220000002700000203AF
S315020120B80000002294A80022005000020000010339
S315020120C800000068000000680001000D00000068B9
S315020120D8000000680001000D000000800000008079
S315020120E800010008000000800000008000010008CD
S315020120F800000070000000700001000A0000007074
S31502012108000000700001000A000000000000000043
S315020121180100000500000020000000200100000463
S3150201212894A80022A0A8002200000003D068012278
S315020121386C88012200000003010002000800100059
S315020121482000232D302B2000686C4C0065666745FC
S31502012158464700303132333435363738394142430E
S3150201216844454600303132333435363738396162BF
S3150201217863646566000000004275696C74207769BC
S3150201218874682052656E6573617320416476616E67
S3150201219863656420466C657869626C6520536F666F
S315020121A87477617265205061636B61676520766534
S315020121B87273696F6E20362E352E3000362E352E05
S30D020121C83000000000000506CB
S30D020121D010EBFF7F0100000084
S705020106A54C
